Brand,Product Name,Description,Colour,Operating System,Price,Discount,Actual Price,Rating,Reviews
OnePlus,Oneplus 12R ,"Iron Gray, 16Gb Ram, 256Gb Storage",Iron Gray,OxygenOS,42999,0.07,46009,4.3,3579
Redmi,Redmi Note 13 5G ,"Chromatic Purple, 6Gb Ram, 128Gb Storage",Chromatic Purple,MIUI,14660,0.3,19058,3.7,5287
Samsung,Samsung Galaxy M05 ,"Mint Green, 4Gb Ram, 64 Gb Storage",Mint Green,Snapdragon,6499,0.35,8774,3.8,154
Apple,Apple Iphone 13 ,128 Gb,Grey Shimmer,iOS,43999,0.26,55439,4.5,30031
OnePlus,Oneplus Nord Ce4 Lite 5G ,"Super Silver, 8Gb Ram, 128Gb Storage",Super Silver,OxygenOS,19998,0.05,20998,4.1,2304
realme,Realme Narzo 70X 5G ,"Ice Blue, 6Gb Ram,128Gb Storage",Ice Blue,Android,12498,0.31,16372,4,2419
Redmi,Redmi 13C 5G ,"Startrail Silver, 4Gb Ram, 128Gb Storage",Startrail Silver,MIUI,8999,0.36,12239,3.9,8650
Samsung,Samsung Galaxy M35 5G ,"Moonlight Blue,6Gb Ram,128Gb Storage",Moonlight Blue,Snapdragon,15499,0.37,21234,4.1,2725
Samsung,Samsung Galaxy M35 5G ,"Daybreak Blue,6Gb Ram,128Gb Storage",Daybreak Blue,Snapdragon,14999,0.39,20849,4.1,2725
Redmi,Redmi 13C 5G ,"Startrail Green, 4Gb Ram, 128Gb Storage",Startrail Green,MIUI,8999,0.36,12239,3.9,8650
Redmi,Redmi 13 5G," Orchid Pink, 6Gb+128Gb ", Orchid Pink,MIUI,13499,0.25,16874,3.9,1645
Redmi,Redmi 13C 5G ,"Starlight Black, 4Gb Ram, 128Gb Storage",Starlight Black,MIUI,8999,0.36,12239,3.9,8650
realme,Realme Narzo 70X 5G ,"Forest Green, 6Gb Ram,128Gb Storage",Forest Green,Android,12498,0.31,16372,4,2419
Samsung,Samsung Galaxy M35 5G ,"Thunder Grey,6Gb Ram,128Gb Storage",Thunder Grey,Snapdragon,15499,0.37,21234,4.1,2725
realme,Realme Narzo N65 5G ,"Amber Gold 6Gb Ram, 128Gb Storage",Amber Gold,Android,12498,0.17,14623,4.1,1084
realme,Realme Narzo 70X 5G ,"Ice Blue, 8Gb Ram,128Gb Storage",Ice Blue,Android,13498,0.29,17412,4,2419
realme,Realme Narzo N61 ,"Voyage Blue,4Gb Ram+64Gb Storage",Voyage Blue,Android,7498,0.17,8773,4.1,479
OnePlus,Oneplus Nord Ce4 Lite 5G ,"Ultra Orange, 8Gb Ram, 128Gb Storage",Ultra Orange,OxygenOS,19998,0.05,20998,4.1,2304
Samsung,Samsung Galaxy M15 5G Prime Edition ,"Celestial Blue,6Gb Ram,128Gb Storage",Celestial Blue,Snapdragon,11999,0.29,15479,4.1,73
OnePlus,Oneplus Nord Ce4 Lite 5G ,"Mega Blue, 8Gb Ram, 256Gb Storage",Mega Blue,OxygenOS,22998,0.04,23918,4.1,2304
OnePlus,Oneplus Nord Ce4 ,"Dark Chrome, 8Gb Ram, 128Gb Storage",Dark Chrome,OxygenOS,23499,0.06,24909,4.2,5211
realme,Realme Narzo N65 5G ,"Deep Green 6Gb Ram, 128Gb Storage",Deep Green ,Android,12498,0.17,14623,4.1,1084
Samsung,Samsung Galaxy M15 5G Prime Edition ,"Blue Topaz,6Gb Ram,128Gb Storage",Blue Topaz,Snapdragon,11999,0.29,15479,4.1,73
OnePlus,Oneplus Nord Ce 3 5G ,"Aqua Surge, 8Gb Ram, 128Gb Storage",Aqua Surge,OxygenOS,17998,0.33,23937,4.2,14943
realme,Realme Narzo N61 ,"Voyage Blue,6Gb Ram+128Gb Storage",Voyage Blue,Android,8498,0.23,10453,4.1,479
OnePlus,Oneplus Nord Ce4 ,"Celadon Marble, 8Gb Ram, 256Gb Storage",Celadon Marble,OxygenOS,25499,0.06,27029,4.2,5211
Xiaomi,Redmi 13C ,"Starfrost White, 6Gb Ram, 128Gb Storage",Starfrost White,MIUI,8499,0.39,11814,4.1,8356
OnePlus,Oneplus Nord Ce4 ,"Dark Chrome, 8Gb Ram, 256Gb Storage",Dark Chrome,OxygenOS,25499,0.06,27029,4.2,5211
realme,Realme Narzo 70X 5G ,"Forest Green, 8Gb Ram,128Gb Storage",Forest Green,Android,13498,0.29,17412,4,2419
Samsung,Samsung Galaxy M15 5G Prime Edition ,"Stone Grey,6Gb Ram,128Gb Storage",Stone Grey,Snapdragon,11999,0.29,15479,4.1,73
OnePlus,Oneplus Nord Ce4 ,"Celadon Marble, 8Gb Ram, 128Gb Storage",Celadon Marble,OxygenOS,23499,0.06,24909,4.2,5211
Redmi,Redmi 13 5G," Black Diamond, 6Gb+128Gb ", Black Diamond,MIUI,13499,0.07,14444,3.9,1645
realme,Realme Narzo N61 ,"Marble Black,6Gb Ram+128Gb Storage",Marble Black,Android,8498,0.23,10453,4.1,479
realme,Realme Narzo 70 Turbo 5G ,"Turbo Yellow,6Gb Ram,128Gb Storage",Turbo Yellow,Android,16998,0.15,19548,4.3,617
Samsung,Samsung Galaxy M35 5G ,"Daybreak Blue,8Gb Ram,128Gb Storage",Daybreak Blue,Snapdragon,16999,0.35,22949,4.1,2725
Redmi,Redmi 13 5G," Hawaiian Blue, 6Gb+128Gb ", Hawaiian Blue,MIUI,13499,0.25,16874,3.9,1645
OnePlus,Oneplus 12R ,"Iron Gray, 8 Gb Ram, 256 Gb Storage",Iron Gray,OxygenOS,37999,0.12,42559,4.3,3579
OnePlus,Oneplus Nord Ce 3 Lite 5G ,"Chromatic Gray, 8Gb Ram, 128Gb Storage",Chromatic Gray,OxygenOS,16371,0.18,19318,4.2,51070
realme,Realme Narzo 70 Turbo 5G ,"Turbo Purple,6Gb Ram,128Gb Storage",Turbo Purple,Android,16998,0.15,19548,4.3,617
Apple,Apple Iphone 13 ,128 Gb,Grey Shimmer,iOS,42999,0.28,55039,4.5,30031
Samsung,Samsung Galaxy M15 5G Prime Edition ,"Blue Topaz,4Gb Ram,128Gb Storage",Blue Topaz,Snapdragon,10999,0.31,14409,4.1,73
OnePlus,Oneplus 11R 5G ,"Galactic Silver, 8Gb Ram, 128Gb Storage",Galactic Silver,OxygenOS,27999,0.3,36399,4.4,17845
realme,Realme Narzo 70 Pro 5G ,"Glass Green, 8Gb Ram,128Gb Storage",Glass Green,Android,17998,0.28,23037,4.1,4935
OnePlus,Oneplus 11R 5G ,"Sonic Black, 8Gb Ram, 128Gb Storage",Sonic Black,OxygenOS,27999,0.3,36399,4.4,17845
Samsung,Samsung Galaxy M15 5G Prime Edition ,"Celestial Blue,4Gb Ram,128Gb Storage",Celestial Blue,Snapdragon,10999,0.31,14409,4.1,73
Samsung,Samsung Galaxy M35 5G ,"Thunder Grey,8Gb Ram,128Gb Storage",Thunder Grey,Snapdragon,16999,0.35,22949,4.1,2725
OnePlus,Oneplus 12R ,"Cool Blue, 16Gb Ram, 256Gb Storage",Cool Blue,OxygenOS,42999,0.07,46009,4.3,3579
realme,Realme Narzo N63 ,"Leather Blue, 4Gb Ram+64Gb Storage",Leather Blue,Android,7199,0.28,9215,3.9,721
Samsung,Samsung Galaxy M35 5G ,"Moonlight Blue,8Gb Ram,256Gb Storage",Moonlight Blue,Snapdragon,19999,0.27,25399,4.1,2725
Samsung,Samsung Galaxy M55S 5G ,"Coral Green,8Gb Ram,128Gb Storage",Coral Green,Snapdragon,19999,0.31,26199,4.1,2000
OnePlus,Oneplus Nord 4 5G ,"Oasis Green, 8Gb Ram, 256Gb Storage",Oasis Green,OxygenOS,32998,0.31,43227,4.2,1025
realme,Realme Narzo N65 5G ,"Deep Green 4Gb Ram, 128Gb Storage",Deep Green ,Android,10498,0.25,13123,4.1,1084
OnePlus,Oneplus 12R ,"Sunset Dune, 8Gb Ram, 256Gb Storage",Sunset Dune,OxygenOS,37999,0.12,42559,4.3,3579
realme,Realme Narzo N65 5G ,"Amber Gold 4Gb Ram, 128Gb Storage",Amber Gold,Android,10498,0.25,13123,4.1,1084
realme,Realme Narzo 70 Turbo 5G ,"Turbo Yellow, 8Gb Ram, 128Gb Storage",Turbo Yellow,Android,17998,0.14,20518,4.3,617
Samsung,Samsung Galaxy M15 5G Prime Edition ,"Stone Grey,4Gb Ram,128Gb Storage",Stone Grey,Snapdragon,10999,0.31,14409,4.1,73
OnePlus,Oneplus 12R ,"Cool Blue, 8Gb Ram, 256Gb Storage",Cool Blue,OxygenOS,37999,0.12,42559,4.3,3579
Motorola,Motorola All-New A10,Dual Sim Keypad Phone With Voice Feature ,Black,RTOS,1159,0.25,1449,3.9,19594
Samsung,Samsung Galaxy M35 5G ,"Moonlight Blue,8Gb Ram,128Gb Storage",Moonlight Blue,Snapdragon,16999,0.35,22949,4.1,2725
OnePlus,Oneplus Nord Ce 3 Lite 5G ,"Pastel Lime, 8Gb Ram, 128Gb Storage",Pastel Lime,OxygenOS,16399,0.18,19351,4.2,51070
realme,Realme Narzo N63 ,"Twilight Purple,4Gb Ram+64Gb Storage",Twilight Purple,Android,7199,0.28,9215,3.9,721
realme,Realme Gt 6T 5G ,"Razor Green,8Gb Ram+256Gb Storage",Razor Green,Android,32999,0.08,35639,4.3,1994
realme,Realme Narzo 70 Turbo 5G ,"Turbo Purple,8Gb Ram,128Gb Storage",Turbo Purple,Android,17998,0.14,20518,4.3,617
Samsung,Samsung Galaxy M55S 5G ,"Thunder Black,8Gb Ram,128Gb Storage",Thunder Black,Snapdragon,19999,0.31,26199,4.3,618
realme,Realme Gt 6T 5G ,"Fluid Silver,8Gb Ram+256Gb Storage",Fluid Silver,Android,32999,0.08,35639,4.3,1994
OnePlus,Oneplus Nord 4 5G ,"Oasis Green, 8Gb Ram, 128Gb Storage",Oasis Green,OxygenOS,29998,0.03,30898,4.2,1025
realme,Realme Narzo 70 Pro 5G ,"Glass Green, 8Gb Ram,256Gb Storage",Glass Green,Android,18998,0.3,24697,4.1,4935
Samsung,Samsung Galaxy M35 5G ,"Daybreak Blue,8Gb Ram,256Gb Storage",Daybreak Blue,Snapdragon,19999,0.27,25399,4.1,2725
OnePlus,Oneplus Nord 4 5G ,"Obsidian Midnight, 8Gb Ram, 256Gb Storage",Obsidian Midnight,OxygenOS,32998,0,32998,4.2,1025
Redmi,Redmi 13C 5G ,"Startrail Silver, 6Gb Ram, 128Gb Storage",Startrail Silver,MIUI,11499,0.28,14719,3.9,8650
OnePlus,Oneplus Nord Ce4 Lite 5G ,"Ultra Orange, 8Gb Ram, 256Gb Storage",Ultra Orange,OxygenOS,22998,0.04,23918,4.1,2304
Samsung,Samsung Galaxy M35 5G ,"Thunder Grey,8Gb Ram,256Gb Storage",Thunder Grey,Snapdragon,19999,0.27,25399,4.1,2725
Samsung,Samsung Galaxy S23 Fe 5G ,Graphite 128 Gb Storage,Graphite ,Snapdragon,29999,0.63,48898,3.7,777
Redmi,Redmi Note 13 5G ,"Arctic White, 6Gb Ram, 128Gb Storage",Arctic White,MIUI,15999,0.24,19839,3.7,5287
Samsung,Samsung Galaxy M15 5G Prime Edition ,"Celestial Blue,8Gb Ram,128Gb Storage",Celestial Blue,Snapdragon,13499,0.25,16874,4.1,73
Samsung,Samsung Galaxy M15 5G Prime Edition ,"Blue Topaz,8Gb Ram,128Gb Storage",Blue Topaz,Snapdragon,13499,0.25,16874,4.1,73
Samsung,Samsung Galaxy M15 5G Prime Edition ,"Stone Grey,8Gb Ram,128Gb Storage",Stone Grey,Snapdragon,13499,0.25,16874,4.1,73
Redmi,Redmi 13C 5G ,"Starlight Black, 6Gb Ram, 128Gb Storage",Starlight Black,MIUI,11499,0.28,14719,3.9,8650
OnePlus,Oneplus Nord 4 5G ,"Obsidian Midnight, 8Gb Ram, 128Gb Storage",Obsidian Midnight,OxygenOS,29998,0,29998,4.2,1025
Redmi,Redmi 13C 5G ,"Startrail Green,6Gb Ram, 128Gb Storage",Startrail Green,MIUI,11499,0.28,14719,3.9,8650
OnePlus,Oneplus Nord 4 5G ,"Mercurial Silver, 8Gb Ram, 256Gb Storage",Mercurial Silver,OxygenOS,32998,0,32998,4.2,1025
realme,Realme 12X 5G ,"Twilight Purple, 8Gb Ram, 128Gb Storage",Twilight Purple,Realme UI ,12699,0.33,16890,4,603
Samsung,Samsung Galaxy S23 Fe 5G ,Purple 128 Gb Storage,Purple ,Snapdragon,29999,0.63,48898,3.7,777
Samsung,Samsung Galaxy M55S 5G ,"Coral Green,8Gb Ram,256Gb Storage",Coral Green,Snapdragon,22999,0.28,29439,3.7,775
realme,Realme Narzo N65 5G ,"Deep Green 8Gb Ram, 128Gb Storage",Deep Green,Android,13498,0.16,15658,4.1,1084
realme,Realme Narzo 70 Turbo 5G ,"Turbo Green, 8Gb Ram,128Gb Storage",Turbo Green,Android,17998,0.14,20518,4.3,617
realme,Realme Narzo 70 Turbo 5G ,"Turbo Green,6Gb Ram,128Gb Storage",Turbo Green,Android,16998,0.15,19548,4.3,617
Redmi,Redmi 13C 5G ,"Starlight Black, 8Gb Ram, 256Gb Storage",Starlight Black,MIUI,13499,0.25,16874,3.9,8650
Samsung,Samsung Galaxy M55S 5G ,"Thunder Black,8Gb Ram,256Gb Storage",Thunder Black,Snapdragon,22999,0.28,29439,3.9,964
Samsung,Samsung Galaxy S23 Fe 5G ,Mint 256 Gb Storage,Mint ,Snapdragon,32999,0.61,53128,3.8,85
Redmi,Redmi 13C 5G ,"Startrail Silver, 8Gb Ram, 256Gb Storage",Startrail Silver,MIUI,13499,0.25,16874,3.9,8650
realme,Realme 12X 5G ,"Woodland Green, 8Gb Ram, 128Gb Storage",Woodland Green,Android,12671,0.33,16852,4,603
Redmi,Redmi Note 13 Pro ,"Coral Purple, 8Gb Ram, 128Gb Storage",Coral Purple,MIUI,22999,0.32,30359,4,1156
Samsung,Samsung Galaxy S23 Fe 5G ,Graphite 256 Gb Storage,Graphite ,Snapdragon,32999,0,32999,3.7,777
Samsung,Samsung Galaxy M14 4G ,"Arctic Blue,4Gb,64Gb",Arctic Blue,Snapdragon,8177,0.42,11611,3.8,379
Samsung,Samsung Galaxy M14 4G ,"Sapphire Blue,4Gb,64Gb",Sapphire Blue,Snapdragon,8147,0.42,11569,3.9,280
Redmi,Redmi Note 13 Pro+ ,"Fusion Purple, 8Gb Ram, 256Gb Storage",Fusion Purple,MIUI,27999,0.18,33039,3.8,733
realme,Realme Gt 6T 5G ,"Fluid Silver,8Gb Ram+128Gb Storage",Fluid Silver,Android,29999,0.12,33599,4.3,1994
Redmi,Redmi 13 5G," Black Diamond, 8Gb+128Gb ", Black Diamond,MIUI,14999,0.25,18749,3.9,1645
realme,Realme Gt 6T 5G ,"Miracle Purple,8Gb Ram+256Gb Storage",Miracle Purple,Android,32999,0.08,35639,4.3,1994
Redmi,Redmi 13 5G,"Hawaiian Blue, 8Gb+128Gb ",Hawaiian Blue,MIUI,14999,0.25,18749,3.9,1645
realme,Realme Narzo 70 Pro 5G ,"Glass Gold, 8Gb Ram,128Gb Storage",Glass Gold,Android,17998,0.28,23037,4.1,4936
Redmi,Redmi 13 5G," Orchid Pink, 8Gb+128Gb ", Orchid Pink,MIUI,14999,0.25,18749,3.9,1645
realme,Realme Narzo N65 5G ,"Amber Gold 8Gb Ram, 128Gb Storage",Amber Gold,Android,13498,0.16,15658,4.1,1085
realme,Realme Narzo 70 Turbo 5G ,"Turbo Yellow,12Gb Ram,256Gb Storage",Turbo Yellow,Android,20998,0.13,23728,4.3,617
OnePlus,Oneplus Nord 4 5G ,"Obsidian Midnight, 12Gb Ram, 256Gb Storage",Obsidian Midnight,OxygenOS,35998,0,35998,4.2,1025
realme,Realme P1 5G ,"Phonix Red, 8Gb Ram, 128Gb Storage",Phonix Red,Realme UI ,14999,0.32,19799,4,430
Samsung,Samsung Galaxy S23 Fe 5G ,Mint 128 Gb Storage,Mint,Snapdragon,31750,0.6,50800,3.7,777
OnePlus,Oneplus Nord Ce 3 Lite 5G ,"Chromatic Gray, 8Gb Ram, 256Gb Storage",Chromatic Gray,OxygenOS,19990,0.09,21789,4.2,51070
Xiaomi,Xiaomi 14 ,"Black, 12Gb Ram, 512Gb Storage",Black,HyperOS,47999,0.4,67199,4.2,370
Redmi,Redmi 13C 5G ,"Startrail Green, 8Gb Ram, 256Gb Storage",Startrail Green,MIUI,13499,0.25,16874,3.9,8650
Vivo,Vivo T3X 5G ,"Crimson Bliss, 128 Gb",Crimson Bliss,Android,14993,0.21,18142,4,42
Redmi,Redmi Note 13 Pro ,"Coral Purple, 12Gb Ram, 256Gb Storage",Coral Purple,MIUI,25999,0.21,31459,4,1156
realme,Realme Gt 6T 5G ,"Razor Green,12Gb Ram+256Gb Storage",Razor Green,Android,33999,0.11,37739,4.3,1994
Redmi,Redmi Note 13 5G ,"Stealth Black, 6Gb Ram, 128Gb Storage",Stealth Black,MIUI,15999,0.24,19839,3.7,5287
Samsung,Samsung Galaxy S23 Fe 5G ,Purple 256 Gb Storage,Purple,Snapdragon,32999,0.61,53128,3.7,777
Samsung,Samsung Galaxy F15 5G ,"Jazzy Green, 6Gb Ram, 128 Gb Storage",Jazzy Green,Snapdragon,12899,0.24,15995,3.8,339
OnePlus,Oneplus Nord Ce 3 Lite 5G ,"Pastel Lime, 8Gb Ram, 256Gb Storage",Pastel Lime,OxygenOS,18990,0.14,21649,4.2,6910
Motorola,Motorola G45 5G ,"Brilliant Green, 8Gb Ram, 128Gb Storage",Brilliant Green,Android,14496,0.03,14931,3.5,11
realme,Realme Narzo N63 ,"Twilight Purple,4Gb Ram+128Gb Storage",Twilight Purple,Android,8999,0.18,10619,3.9,721
OnePlus,Oneplus Nord 4 5G ,"Mercurial Silver, 12Gb Ram, 256Gb Storage",Mercurial Silver,OxygenOS,35998,0,35998,4.2,1025
Motorola,Moto G85 5G ," Olive Green, 8Gb 128Gb", Olive Green,Android,19798,0.27,25143,3.2,20
Redmi,Redmi Note 13 5G ,"Chromatic Purple, 8Gb Ram, 256Gb Storage",Chromatic Purple,MIUI,17348,0.25,21685,3.7,5287
Vivo,Vivo V40 5G Smartphone ,"Lotus Purple, 8Gb Ram, 256Gb Storage",Lotus Purple,Android,34920,0.19,41555,3.8,12
Xiaomi,Xiaomi 14 ,"Jade Green, 12Gb Ram, 512Gb Storage",Jade Green,HyperOS,47999,0.4,67199,4.2,370
Motorola,Motorola Edge 50 Pro 5G,"Luxe Lavender, 256 Gb",Luxe Lavender,Android,31964,0.24,39635,3.5,126
Samsung,Samsung Galaxy F15 5G ,"Groovy Violet, 6Gb Ram, 128 Gb Storage",Groovy Violet,Snapdragon,13034,0.23,16032,3.8,339
Samsung,Samsung Galaxy F15 5G ,"Ash Black, 6Gb Ram, 128 Gb Storage",Ash Black,Snapdragon,13070,0.38,18037,3.8,339
Redmi,Redmi Note 13 5G ,"Stealth Black, 12Gb Ram, 256Gb Storage",Stealth Black,MIUI,18999,0.24,23559,3.7,5287
Redmi,Redmi Note 13 5G ,"Arctic White, 12Gb Ram, 256Gb Storage",Arctic White,MIUI,18999,0.24,23559,3.7,5287
Redmi,Redmi Note 13 5G ,"Stealth Black, 8Gb Ram, 256Gb Storage",Stealth Black,MIUI,17999,0.22,21959,3.7,5287
Samsung,Samsung Galaxy A35 5G ,"Awesome Iceblue, 8Gb Ram, 128Gb Storage",Awesome Iceblue,Snapdragon,30999,0.09,33789,3.7,365
Vivo,Vivo Y18I ,"Space Black, 4Gb Ram, 64Gb Storage",Space Black,Funtouch OS,7999,0.33,10639,3.5,21
Redmi,Redmi Note 13 Pro+ ,"Fusion Purple, 12Gb Ram, 512Gb Storage",Fusion Purple,MIUI,31999,0.16,37119,3.8,733
Apple,Apple Iphone 13 ,256Gb,Grey Shimmer,iOS,54999,0.21,66549,4.5,30032
realme,Realme Gt 6T 5G ,"Fluid Silver,12Gb Ram+256Gb Storage",Fluid Silver,Android,33999,0.11,37739,4.3,1994
OnePlus,Oneplus Nord Ce 2 Lite 5G ,"Blue Tide, 6Gb Ram, 128Gb Storage",Blue Tide,OxygenOS,17982,0.1,19780,4.2,52701
Redmi,Redmi Note 13 5G ,"Arctic White, 8Gb Ram, 256Gb Storage",Arctic White,MIUI,17999,0.22,21959,3.7,5287
Samsung,Samsung Galaxy S21 Fe 5G ,"Olive, 8Gb Ram, 256Gb Storage",Olive,Snapdragon,31399,0.58,49610,3.8,1565
Motorola,Motorola G64 5G ,"Ice Lilac, 12Gb Ram, 256Gb Storage",Ice Lilac,Android,17996,0.1,19796,3.8,93
Vivo,Vivo Y28S 5G ,"Vintage Red, 6Gb Ram, 128Gb Storage",Vintage Red,Funtouch OS,14999,0.25,18749,3.9,53
realme,Realme P1 5G ,"Peacock Green, 8Gb Ram, 128Gb Storage",Peacock Green,Android,15194,0.31,19904,4,430
realme,Realme 12X 5G ,"Woodland Green, 6Gb Ram, 128Gb Storage",Woodland Green,Android,12203,0.32,16108,4,603
Samsung,Samsung Galaxy A15 5G ,"Blue Black, 8Gb, 128Gb Storage",Blue Black,Snapdragon,16999,0.21,20569,3.9,783
realme,Realme C61 ,Safari Green 4Gb 64Gb,Safari Green,Android,7198,0.2,8638,3.4,21
Vivo,Vivo V40 5G Smartphone ,"Lotus Purple, 8Gb Ram, 128Gb Storage",Lotus Purple,Android,31920,0.26,40219,3.8,7
realme,Realme C65 5G ,"Feather Green, 128 Gb",Feather Green,Android,11676,0.55,18098,4.1,91
Redmi,Redmi Note 13 Pro ,"Midnight Black, 8Gb Ram, 128Gb Storage",Midnight Black,MIUI,22999,0.21,27829,4,1156
Samsung,Samsung Galaxy A15 5G ,"Blue, 6Gb, 128Gb Storage",Blue,Snapdragon,15499,0.23,19064,3.9,783
realme,Realme P1 5G ,"Phonix Red, 6Gb Ram, 128Gb Storage",Phonix Red,Android,14499,0.31,18994,4,430
Vivo,Vivo Y28S 5G ,"Twinkling Purple, 6Gb Ram, 128Gb Storage",Twinkling Purple,Funtouch OS,14999,0.25,18749,3.9,53
realme,Realme Gt 6T 5G ,"Miracle Purple,12Gb Ram+256Gb Storage",Miracle Purple,Android,33999,0.11,37739,4.3,1994
Motorola,Motorola G45 5G ,"Brilliant Blue, 8Gb Ram, 128Gb Storage",Brilliant Blue,Android,13949,0.07,14925,4,10
Motorola,Motorola A70 ,4 Gb,Black,Keypad,1858,0.2,2230,3.7,3779
realme,Realme 12X 5G ,"Twilight Purple, 6Gb Ram, 128Gb Storage",Twilight Purple,Android,12275,0.32,16203,4,603
Vivo,Vivo Y200 5G Mobile ,"Jungle Green, 8Gb Ram, 256Gb Storage",Jungle Green,Funtouch OS,22999,0.21,27829,3.9,135
Samsung,Samsung Galaxy F55 5G ,Apricot Crush 8Gb 128 Gb,Apricot Crush,Snapdragon,18900,0.35,25515,3.8,9
Xiaomi,Xiaomi 14 ,"White, 12Gb Ram, 512Gb Storage",White,HyperOS,47999,0.4,67199,4.2,370
Vivo,Vivo Y18I ,"Gem Green, 4Gb Ram, 64Gb Storage",Gem Green,Funtouch OS,7999,0.33,10639,3.5,21
Redmi,Redmi A3X ,"Olive Green, 3Gb Ram, 64Gb Storage",Olive Green,MIUI,6999,0.3,9099,3.7,73
Samsung,Samsung Galaxy A15 5G ,"Light Blue, 6Gb, 128Gb Storage",Light Blue,Snapdragon,15499,0.23,19064,3.9,783
Redmi,Redmi A3X ,"Ocean Green, 3Gb Ram, 64Gb Storage",Ocean Green,MIUI,6579,0.34,8816,3.7,73
Vivo,Vivo T3X 5G ,"Celestial Green, 128 Gb",Celestial Green,Android,14735,0.22,17977,4.3,35
Samsung,Samsung Galaxy S21 Fe 5G ,"Graphite, 8Gb Ram, 256Gb Storage",Graphite,Snapdragon,30999,0.59,49288,3.8,1565
Motorola,Motorola G64 5G ,"Pearl Blue, 256 Gb",Pearl Blue,Android,16969,0.15,19514,3.6,91
Redmi,Redmi A3X ,"Midnight Black, 3Gb Ram, 64Gb Storage",Midnight Black,MIUI,6540,0.35,8829,3.7,73
realme,Realme Narzo 70 Turbo 5G ,"Turbo Green,12Gb Ram, 256Gb Storage",Turbo Green,Android,20998,0.13,23728,4.3,617
Redmi,Redmi Note 13 Pro ,"Midnight Black, 12Gb Ram, 256Gb Storage",Midnight Black,MIUI,25999,0.21,31459,4,1156
realme,Realme Gt 6T 5G ,"Razor Green,12Gb Ram+512Gb Storage",Razor Green,Android,38999,0.07,41729,4.3,1994
realme,Realme Narzo 70 Turbo 5G ,"Turbo Purple,12Gb Ram, 256Gb Storage",Turbo Purple,Android,20998,0.13,23728,4.3,617
Vivo,Vivo V40 5G Smartphone ,"Ganges Blue, 8Gb Ram, 128Gb Storage",Ganges Blue,Android,31730,0.21,38393,5,4
Motorola,Motorola All-New A50 ,Dual Sim Keypad Phone With Voice Feature ,Black,RTOS,1399,0.18,1651,3.7,312
Vivo,Vivo Y58 5G ,"Himalayan Blue, 8Gb Ram, 128Gb Storage",Himalayan Blue,Funtouch OS,18499,0.23,22754,4,34
realme,Realme C63 5G ,"Forest Green, 6Gb Ram, 128Gb Storage",Forest Green,Realme UI ,11099,0.21,13430,3.2,4
Vivo,Vivo V40 5G Smartphone ,"Ganges Blue, 8Gb Ram, 256Gb Storage",Ganges Blue,Android,34345,0.2,41214,4.5,8
Motorola,Motorola Edge 50 Fusion 5G ,"Hot Pink, 12Gb Ram, 256Gb Storage",Hot Pink,Android,26390,0,26390,4.1,88
Vivo,Vivo Y58 5G ,"Sundarbans Green, 8Gb Ram, 128Gb Storage",Sundarbans Green,Funtouch OS,18499,0.23,22754,4,34
Redmi,Redmi 12 ,"Jade Black,6Gb Ram, 128Gb Storage",Jade Black,MIUI,9989,0.38,13785,3.9,5
Redmi,Redmi Note 13 Pro+ ,"Fusion Black, 8Gb Ram, 256Gb Storage",Fusion Black,MIUI,27999,0.18,33039,3.8,733
Vivo,Vivo V30E 5G Smartphone ,"Velvet Red, 8Gb Ram, 128Gb Storage",Velvet Red,Android,23770,0.28,30426,4.2,31
Redmi,Redmi Note 13 Pro+ ,"Fusion Purple, 12Gb Ram, 256Gb Storage",Fusion Purple,MIUI,29999,0.17,35099,3.8,733
Samsung,Samsung Galaxy A15 5G ,"Blue Black, 6Gb, 128Gb Storage",Blue Black,Snapdragon,15499,0.23,19064,3.9,783
Samsung,Samsung Galaxy A15 5G ,"Light Blue, 8Gb, 128Gb Storage",Light Blue,Snapdragon,16999,0.21,20569,3.9,783
Samsung,Samsung Galaxy A55 5G ,"Awesome Iceblue, 8Gb Ram, 128Gb Storage",Awesome Iceblue,Snapdragon,39999,0.07,42799,4,265
realme,Realme Narzo 70 5G ,"Ice Blue,8Gb Ram, 128Gb Storage ",Ice Blue,Android,16998,0.19,20228,4.1,1551
realme,Realme Gt 6T 5G ,"Fluid Silver,12Gb Ram+512Gb Storage",Fluid Silver,Android,38999,0.07,41729,4.3,1994
Vivo,Vivo T3 Lite 5G Smartphone ,"Vibrant Green, 6Gb Ram 128Gb Storage",Vibrant Green,Android,12785,0.18,15086,3.3,26
Motorola,Motorola All-New A50,Dual Sim Keypad Phone With Voice Feature ,Black,RTOS,1399,0.18,1651,3.7,312
Apple,Apple Iphone 13 ,256 Gb,Grey Shimmer,iOS,54999,0.21,66549,4.5,30032
Motorola,Motorola G34 5G ,"Charcoal Black, 8Gb Ram, 128Gb Storage",Charcoal Black,Android,13799,0.19,16421,3.9,356
realme,Realme C63 5G ,"Starry Gold, 6Gb Ram, 128Gb Storage",Starry Gold,Realme UI ,11298,0.19,13445,5,2
Redmi,Redmi Note 13 Pro ,"Arctic White, 8Gb Ram, 128Gb Storage",Arctic White,MIUI,22999,0.21,27829,4,1156
Samsung,Samsung Galaxy A35 5G ,"Awesome Iceblue, 8Gb Ram, 256Gb Storage",Awesome Iceblue,Snapdragon,33998,0.08,36718,3.7,365
realme,Realme C61 4G ,"64, Marble Black, New",Grey Shimmer,Android,7305,0.19,8693,3.4,21
Samsung,Samsung Galaxy S21 Fe 5G ,"Navy, 8Gb Ram, 256Gb Storage",Navy,Snapdragon,29999,0.6,47998,3.8,1565
Redmi,Redmi Note 13 5G ,"Prism Gold, 6Gb Ram, 128Gb Storage",Prism Gold,MIUI,15999,0.24,19839,3.7,5287
Vivo,Vivo Y18 ,"Gem Green, 4Gb Ram, 64Gb Storage",Gem Green,Funtouch OS,8499,0.35,11474,3.6,31
Redmi,Redmi 12 5G,Jade Black 8Gb Ram 256Gb Rom,Jade Black 8Gb ,MIUI,13999,0.3,18199,4,24678
Samsung,Samsung Galaxy F54 5G ,Meteor Blue,Meteor Blue,Snapdragon,23340,0.35,31509,3.7,508
realme,Realme 12+ 5G ,"Navigator Beige, 8Gb Ram, 256Gb Storage",Navigator Beige,Android,19490,0.25,24363,3.8,477
Apple,Apple Iphone 14 ,128 Gb,Grey Shimmer,iOS,59900,0.14,68286,4.5,5600
Vivo,Vivo T3X 5G ,"Crimson Bliss, 4Gb Ram, 128Gb Storage",Crimson Bliss,Android,12997,0.26,16376,4.6,11
Redmi,Redmi Note 13 Pro ,"Coral Purple, 8Gb Ram, 128Gb Storage",Coral Purple,MIUI,19372,0.33,25765,4,1156
OnePlus,Oneplus Nord Ce 2 5G ,"Bahamas Blue, 8Gb Ram, 128Gb Storage",Bahamas Blue,OxygenOS,17982,0,17982,4.3,25666
realme,Realme 13 5G ,"Speed Green, 8Gb Ram, 128Gb Storage",Speed Green,Android,15104,0.2,18125,3.7,13
Redmi,Redmi 12 ,"Moonstone Silver,6Gb Ram, 128Gb Storage",Moonstone Silver,MIUI,9199,0.43,13155,3.5,4
Motorola,Motorola G45 5G ,"Viva Magenta, 8Gb Ram, 128Gb Storage",Viva Magenta,Android,12990,0,12990,3.6,7
realme,Realme C65," Glowing Black , 6Gb + 128Gb", Glowing Black ,Android,11868,0.26,14954,3.5,26
Redmi,Redmi Note 13 Pro ,"Arctic White, 12Gb Ram, 256Gb Storage",Arctic White,MIUI,25999,0.21,31459,4,1156
Samsung,Samsung Galaxy F55 5G ,"Raisin Black, 128 Gb",Raisin Black,Snapdragon,19138,0.34,25645,3.2,19
realme,Realme 12 5G ,"Woodland Green, 8Gb Ram 128 Gb Storage",Woodland Green,Android,15599,0.26,19655,4.1,305
Redmi,Redmi Note 13 Pro ,"Arctic White, 8Gb Ram, 128Gb Storage",Arctic White,MIUI,19399,0.31,25413,4,1156
Vivo,Vivo Y28E 5G ,"Breeze Green, 4Gb Ram, 64Gb Storage",Breeze Green,Funtouch OS,10999,0.27,13969,3.8,59
Samsung,Samsung Galaxy A15 5G ,"Blue, 8Gb, 128Gb Storage",Blue,Snapdragon,16999,0.21,20569,3.9,783
Vivo,Vivo Y200 5G ,"Desert Gold, 8Gb Ram, 256Gb Storage",Desert Gold,Funtouch OS,22994,0.21,27823,3.7,68
Redmi,Redmi Note 13 5G ,"Chromatic Purple, 12Gb Ram, 256Gb Storage",Chromatic Purple,MIUI,18900,0.24,23436,3.7,5287
Vivo,Vivo V40 5G Smartphone ,"Titanium Grey, 8Gb Ram, 128Gb Storage",Titanium Grey,Android,31630,0.21,38272,5,2
Redmi,Redmi Note 13 Pro+ ,"Fusion Black, 12Gb Ram, 512Gb Storage",Fusion Black,MIUI,31999,0.16,37119,3.8,733
Samsung,Samsung Galaxy A55 5G ,"Awesome Iceblue, 12Gb Ram, 256Gb Storage",Awesome Iceblue,Snapdragon,45999,0.06,48759,4,265
Motorola,Motorola G64 5G ,"Mint Green, 12Gb Ram, 256Gb Storage",Mint Green,Android,17393,0.13,19654,3.9,53
Vivo,Vivo T3 Lite 5G Smartphone ,"Vibrant Green, 4Gb Ram 128Gb Storage",Vibrant Green,Android,11465,0.24,14217,4,7
Motorola,Motorola Edge 50 Fusion 5G ,"Marshmallow Blue, 12Gb Ram, 256Gb Storage",Marshmallow Blue,Android,50999,0,50999,4.1,166
Samsung,Samsung Galaxy A55 5G ,"Awesome Navy, 12Gb Ram, 256Gb Storage",Awesome Navy,Snapdragon,45999,0.06,48759,4,265
Samsung,Samsung Galaxy A55 5G ,"Awesome Iceblue, 8Gb Ram, 256Gb Storage",Awesome Iceblue,Snapdragon,42999,0.07,46009,4,265
Samsung,Samsung Galaxy A14 5G ,"Black, 6Gb Ram, 128Gb Storage",Black,Snapdragon,12990,0.38,17926,3.6,6
Redmi,Redmi Note 13 5G ,"Prism Gold, 8Gb Ram, 256Gb Storage",Prism Gold,MIUI,17999,0.22,21959,3.7,5287
Samsung,Samsung Galaxy S23 5G,"Cream, 8Gb, 128Gb Storage",Cream,Snapdragon,42860,0.52,65147,4.4,140
realme,Realme Narzo 70 5G,"Ice Blue,6Gb Ram, 128Gb Storage ",Ice Blue,Android,15998,0.2,19198,4.1,1551
Motorola,Motorola Edge 50 5G ,8Gb Ram + 256Gb Storage,Grey Shimmer,Android,28890,0.12,32357,3,15
Samsung,Samsung Galaxy S20 Fe 5G ,"Cloud Navy, 8Gb Ram, 128Gb Storage",Cloud Navy,Snapdragon,25798,0.66,42825,4.2,36462
Samsung,Samsung Galaxy A35 5G ,"Awesome Navy, 8Gb Ram, 128Gb Storage",Awesome Navy,Snapdragon,30999,0.09,33789,3.7,365
realme,Realme Narzo 70 5G ,"Forest Green,8Gb Ram, 128Gb Storage ",Forest Green,Android,16998,0.19,20228,4.1,1551
realme,Realme C65 5G ,"Feather Green, 8Gb Ram, 128Gb Storage",Feather Green,Android,13207,0.22,16113,3.6,4
Vivo,Vivo V40 Pro 5G Ai Smartphone ,"Ganges Blue, 8Gb Ram+ 256Gb Storage",Ganges Blue,Android,44998,0.18,53098,4.2,15
Redmi,Redmi Note 13 5G ,"Prism Gold, 12Gb Ram, 256Gb Storage",Prism Gold,MIUI,18999,0.24,23559,3.7,5287
Motorola,Motorola Edge 50 Pro 5G,"Black Beauty, 12Gb Ram, 256Gb Storage",Black Beauty,Android,34999,0.3,45499,3.8,67
Samsung,Samsung Galaxy A35 5G ,"Awesome Lilac, 8Gb Ram, 256Gb Storage",Awesome Lilac,Snapdragon,33999,0.08,36719,3.7,365
Samsung,Samsung Galaxy A35 5G ,"Awesome Navy, 8Gb Ram, 256Gb Storage",Awesome Navy,Snapdragon,33999,0.08,36719,3.7,365
realme,Realme 13 Pro 5G ,"Monet Gold,8Gb+256Gb",Monet Gold,Android,25449,0.18,30030,3.6,87
realme,Realme P1 5G ,"Peacock Green, 8Gb Ram, 256Gb Storage",Peacock Green,Realme UI ,17942,0.22,21889,4,430
Vivo,Vivo V30E 5G Smartphone ,"Silk Blue, 8Gb Ram, 128Gb Storage",Silk Blue,Android,23540,0.29,30367,4.2,33
realme,Realme C61 4G ,"6 Gb, 128Gb Safari Green",Grey Shimmer,Android,8089,0.26,10192,3.4,21
realme,Realme C65 5G ,"Feather Green, 128 Gb",Feather Green,Android,10899,0.27,13842,3.6,10
realme,Realme 12 Pro 5G ,"Navigator Beige, 8Gb Ram, 256Gb Storage",Navigator Beige,Android,22434,0.3,29164,4,225
Redmi,Redmi Note 13 Pro ,"Midnight Black, 8Gb Ram, 256Gb Storage",Midnight Black,MIUI,24999,0.19,29749,4,1156
Redmi,Redmi Note 13 Pro ,"Scarlet Red, 8Gb Ram, 128Gb Storage",Scarlet Red,MIUI,20990,0.28,26867,4.4,38
Samsung,Samsung Galaxy A35 5G ,"Awesome Lilac, 8Gb Ram, 128Gb Storage",Awesome Lilac,Snapdragon,30999,0.09,33789,3.7,365
Redmi,Redmi Note 13 Pro 5G,Scarlet Red 8Gb 256Gb,Scarlet Red,MIUI,21900,0.29,28251,4,34
Redmi,Redmi Note 13 Pro ,"Arctic White, 8Gb Ram, 256Gb Storage",Arctic White,MIUI,21270,0.27,27013,4,1156
Motorola,Motorola Edge 50 5G ,8Gb Ram + 256Gb Storage,Grey Shimmer,Android,28050,0.15,32258,3.6,17
Redmi,Redmi Note 13 Pro ,"Midnight Black, 8Gb Ram, 128Gb Storage",Midnight Black,MIUI,19224,0.34,25760,4,1156
Redmi,Redmi Note 13 Pro+ ,"Fusion White, 8Gb Ram, 256Gb Storage",Fusion White,MIUI,27999,0.18,33039,3.8,733
Motorola,Motorola Edge 50 Fusion 5G ,"Forest Blue, 8Gb Ram, 128Gb Storage",Forest Blue,Android,28890,0,28890,4,67
Vivo,Vivo Y28E 5G ,"Vintage Red, 4Gb Ram, 128Gb Storage",Vintage Red,Funtouch OS,11999,0.25,14999,3.8,59
realme,Realme P1 Pro 5G ,"Parrot Blue, 8Gb Ram, 256Gb Storage",Parrot Blue,Android,19798,0.24,24550,4.1,112
OnePlus,Oneplus 12 ,"Glacial White, 12Gb Ram, 256Gb Storage",Glacial White,OxygenOS,52999,0,52999,4.5,166
realme,Realme 11 5G ,"Glory Black, 8Gb Ram, 128Gb Storage",Glory Black,Android,14999,0.29,19349,4.1,34
Redmi,Redmi Note 13 Pro ,"Midnight Black, 8Gb Ram, 256Gb Storage",Midnight Black,MIUI,21250,0.31,27838,4,1156
realme,Realme 13 Pro+ 5G ,"256, Emerald Green, New",Grey Shimmer,Android,31129,0.2,37355,4.2,30
realme,Realme 12X 5G ,"Coral Red, 8Gb Ram, 128Gb Storage",Coral Red,Realme UI ,12718,0.29,16406,4.2,64
Redmi,Redmi Note 13 Pro+ ,"Fusion White, 12Gb Ram, 512Gb Storage",Fusion White,MIUI,31999,0.16,37119,3.8,733
Redmi,Redmi Note 13 Pro+ ,"Fusion Black, 12Gb Ram, 256Gb Storage",Fusion Black,MIUI,29999,0.17,35099,3.8,733
Vivo,Vivo T3X 5G ,"Crimson Bliss, 128 Gb",Crimson Bliss,Android,14985,0.21,18132,4,17
Motorola,Motorola G85 5G ,"Viva Magenta, 8Gb Ram, 128Gb Storage",Viva Magenta,Android,19875,0.05,20869,4,586
Samsung,Samsung Galaxy S23 5G,"Green, 8Gb, 128Gb Storage",Green,Snapdragon,42690,0.53,65316,4.4,165
Vivo,Vivo V40E 5G Ai Smartphone ,"Royal Bronze, 8Gb Ram + 256Gb Storage",Royal Bronze,Android,28639,0.33,38090,4.4,556
Motorola,Motorola Edge 50 5G ,8Gb Ram + 256Gb Storage,Grey Shimmer,Android,27999,0.15,32199,3.4,8
realme,Realme 13 Pro 5G ,"Emerald Green,8Gb+256Gb",Emerald Green,Android,25399,0.18,29971,3.6,87
Motorola,Motorola G45 5G ,"Brilliant Green, 4Gb Ram, 128Gb Storage",Brilliant Green,Android,12258,0.18,14464,3.6,45
Redmi,Redmi A3X ,"Midnight Black, 4Gb Ram, 128Gb Storage",Midnight Black,MIUI,7999,0.27,10159,3.7,73
Redmi,Redmi A3 ,"Lake Blue, 4Gb Ram, 128Gb Storage",Lake Blue,MIUI,7999,0.27,10159,3.6,474
Samsung,Samsung Galaxy S22 5G ,"Green, 8Gb, 128Gb Storage",Green,Snapdragon,34799,0.6,55678,4.3,1993
Vivo,2&Co T3 Lite 5G Smartphone ,"Vibrant Green, 6Gb Ram, 128Gb Storage",Vibrant Green,Android,11999,0,11999,3.6,4
Vivo,Vivo T3 Lite 5G Smartphone ,"Majestic Black, 6Gb Ram 128Gb Storage",Majestic Black,Android,12789,0.2,15347,3.6,56
Motorola,Motorola G64 5G ,"Mint Green, 128 Gb",Mint Green,Android,16171,0.1,17788,3.6,131
realme,Realme 12+ 5G ,"Pioneer Green, 8Gb Ram, 256Gb Storage",Pioneer Green,Realme UI ,19499,0.25,24374,3.8,477
realme,Realme 12 Pro+ 5G ,"Submarine Blue, 8Gb Ram, 256Gb Storage",Submarine Blue,Realme UI ,26396,0.27,33523,4.1,411
Vivo,Vivo Y28S 5G ,"Vintage Red, 8Gb Ram, 128Gb Storage",Vintage Red,Funtouch OS,16499,0.25,20624,3.9,53
realme,Realme C67 5G ,"Dark Purple, 128 Gb",Dark Purple,Android,11715,0.35,15815,4,120
realme,Realme 13 5G ,"Speed Green, 8Gb Ram, 256Gb Storage",Speed Green,Android,18499,0.2,22199,3.7,13
Redmi,Redmi Note 13 Pro ,"Midnight Black, 12Gb Ram, 256Gb Storage",Midnight Black,MIUI,22620,0.31,29632,4,1156
realme,Realme C67 5G ,"Sunny Oasis, 128 Gb",Sunny Oasis,Android,11625,0.35,15694,4.1,172
Redmi,Redmi Note 13 Pro ,"Coral Purple, 12Gb Ram, 256Gb Storage",Coral Purple,MIUI,22830,0.31,29907,4,1156
Vivo,Vivo Y28E 5G ,"Vintage Red, 4Gb Ram, 64Gb Storage",Vintage Red,Funtouch OS,10999,0.27,13969,3.8,59
Redmi,Redmi 12,"Pastel Blue, 6Gb Ram, 128Gb Storage",Pastel Blue,MIUI,9899,0.38,13661,4.4,3
Vivo,Vivo Y28S 5G,"Twinkling Purple, 8Gb Ram, 128Gb Storage",Twinkling Purple,Funtouch OS,16499,0.25,20624,3.9,53
Samsung,Samsung Galaxy S24 Fe 5G,"Blue, 8Gb Ram, 256Gb Storage",Blue,Snapdragon,56400,0.15,64860,5,1
Redmi,Redmi A3X ,"Starry White, 3Gb Ram, 64Gb Storage",Starry White,MIUI,6999,0.3,9099,3.7,73
Samsung,Samsung Galaxy A54 5G ,"Awesome Graphite, 8Gb, 128Gb Storage",Awesome Graphite,Snapdragon,24490,0.42,34776,4.1,168
Redmi,Redmi Note 13 Pro ,"Arctic White, 12Gb Ram, 256Gb Storage",Arctic White,MIUI,21980,0.33,29233,4,1156
Motorola,Motorola G45 5G ,"Brilliant Blue, 4Gb Ram, 128Gb Storage",Brilliant Blue,Android,12190,0.19,14506,4,1
Samsung,Samsung Galaxy A55 5G ,"Awesome Navy, 8Gb Ram, 256Gb Storage",Awesome Navy,Snapdragon,42999,0.07,46009,4,265
Samsung,Samsung Galaxy F55 5G,"Apricot Crush , 8Gb, 256Gb",Apricot Crush ,Snapdragon,22839,0.29,29462,4,268
realme,Realme 13 Pro+ 5G ,"256, Monet Gold, New",Grey Shimmer,Android,29824,0.24,36982,3.8,11
Vivo,Vivo V40 Pro 5G Ai Smartphone ,"Ganges Blue, 12Gb Ram+ 512Gb Storage",Ganges Blue,Android,52150,0.15,59973,4.2,15
realme,Realme 12 Pro+ 5G ,"Navigator Beige, 12Gb Ram, 256Gb Storage",Navigator Beige,Realme UI ,26475,0.3,34418,4.1,411
Redmi,Redmi A1 ,"Black, 2Gb Ram, 32Gb Storage",Black,MIUI,8490,0.15,9764,4,13986
Redmi,Redmi A3X ,"Ocean Green, 4Gb Ram, 128Gb Storage",Ocean Green,MIUI,7999,0.27,10159,3.7,73
Redmi,Redmi A1 ,"Light Green, 2Gb Ram 32Gb Rom",Light Green,MIUI,8490,0.06,8999,4,13986
realme,Realme C65 5G ,"Glowing Black, 8Gb Ram, 128Gb Storage",Glowing Black,Android,13064,0.23,16069,4,1369
Motorola,Motorola Edge 50 Fusion 5G ,"Forest Green, 8Gb Ram, 128Gb Storage",Forest Green,Android,24240,0.07,25937,4,1136
realme,Realme C63 5G ,"Forest Green, 8Gb Ram, 128Gb Storage",Forest Green,Realme UI ,12434,0.17,14548,5,1
Redmi,Redmi Note 13 Pro ,"Arctic White, 8Gb Ram, 256Gb Storage",Arctic White,MIUI,24999,0.19,29749,4,1156
Redmi,Redmi 9A Sport ,"Carbon Black, 2Gb Ram, 32Gb Storage",Carbon Black,MIUI,8499,0,8499,4,9881
realme,Realme C61 4G ,"6Gb, 128Gb , Marble Black",Grey Shimmer,Android,8132,0.26,10246,3.4,21
Vivo,Vivo V40E 5G Ai Smartphone ,"Royal Bronze, 8Gb Ram + 128Gb Storge",Royal Bronze,Android,25999,0.24,32239,5,1
Vivo,Vivo T2X 5G ,"Marine Blue, 128 Gb",Marine Blue,Android,15946,0.16,18497,4.2,1139
Redmi,Redmi A3X ,"Olive Green, 4Gb Ram, 128Gb Storage",Olive Green,MIUI,7999,0.27,10159,3.7,73
realme,Realme 12 Pro 5G ,"Submarine Blue, 12Gb Ram, 256Gb Storage",Submarine Blue,Android,24285,0.29,31328,4.2,92
Samsung,Samsung Galaxy M05 ,"Mint Green, 4Gb Ram, 64 Gb Storage",Mint Green,Snapdragon,6499,0.35,8774,3.8,155
Vivo,Vivo T3X 5G ,"Celestial Green, 128 Gb",Celestial Green,Android,13650,0.22,16653,4.5,11
Motorola,Motorola G34 5G ,"Ice Blue, 8Gb Ram, 128Gb Storage",Ice Blue,Android,13874,0.08,14984,3.9,425
Vivo,Vivo Y200E 5G ,"Black Diamond, 8Gb Ram, 128Gb Storage",Black Diamond,Funtouch OS,20999,0.19,24989,4.1,294
Vivo,Vivo V40 5G Smartphone ,"Titanium Grey, 8Gb Ram, 256Gb Storage",Titanium Grey,Android,35320,0.18,41678,3.8,7
Vivo,Vivo Y200E 5G ,"Saffron Delight, 8Gb Ram, 128Gb Storage",Saffron Delight,Funtouch OS,20999,0.19,24989,4.1,294
Samsung,Samsung Galaxy A15 5G ,"6Gb, 128Gb Storage",Grey Shimmer,Snapdragon,14778,0.26,18620,5,1
realme,Realme 12 Pro+ 5G ,"Submarine Blue, 12Gb Ram, 256Gb Storage",Submarine Blue,Android,28749,0.24,35649,4.1,411
realme,Realme 13 Pro+ 5G ,"8, Emerald Green, New",Grey Shimmer,Android,30890,0.17,36141,4.2,30
realme,Realme C67 5G ,"Dark Purple, 128 Gb",Dark Purple,Android,10750,0.37,14728,3.8,62
realme,Realme P1 5G ,"Peacock Green, 6Gb Ram, 128Gb Storage",Peacock Green,Realme UI ,15389,0.27,19544,4,430
realme,Realme C63 5G ,"Starry Gold, 4Gb Ram, 128Gb Storage",Starry Gold,Realme UI ,10618,0.18,12529,4,1
Samsung,Samsung Galaxy A35 5G ,"Awesome Navy, 8Gb Ram, 256Gb Storage",Awesome Navy,Snapdragon,26971,0.27,34253,3.5,6
Samsung,Samsung Galaxy Z Flip4 5G ,"Light Blue, 8Gb Ram, 128Gb Storage",Light Blue,Snapdragon,53990,0.18,63708,3.4,6
Vivo,Vivo T3 Lite 5G Smartphone ,"Majestic Black, 4Gb Ram 128Gb Storage",Majestic Black,Android,11785,0.21,14260,3,11
Vivo,Vivo Y28E 5G ,"Breeze Green, 4Gb Ram, 128Gb Storage",Breeze Green,Funtouch OS,11999,0.25,14999,3.8,59
Vivo,Vivo V30E 5G Smartphone ,"Silk Blue, 8Gb Ram, 256Gb Storage",Silk Blue,Android,26994,0.23,33203,4.5,6
Motorola,Motorola G85 5G ,"Viva Magenta, 12Gb Ram, 256Gb Storage",Viva Magenta,Android,21999,0.12,24639,4.5,76
Vivo,Vivo V40 5G Smartphone ,"Ganges Blue, 12Gb Ram, 512Gb Storage",Ganges Blue,Android,40699,0.17,47618,5,2
realme,Realme 13+ 5G ,"Speed Green, 8Gb Ram, 128Gb Storage",Speed Green,Android,21543,0.17,25205,4,5
Redmi,Redmi Note 10S ,"Deep Sea Blue, 6Gb Ram, 64Gb Storage",Deep Sea Blue,MIUI,11860,0.3,15418,4.2,88776
Motorola,Motorola Edge 50 Pro 5G,"Moonlight Pearl, 256 Gb",Moonlight Pearl,Android,34999,0.17,40949,4.3,3
Samsung,Samsung Galaxy A14 5G ,"Dark Red, 4Gb, 128Gb Storage",Dark Red,Snapdragon,12497,0.22,15246,3.9,2288
realme,Realme 13 5G ,"Dark Purple, 8Gb Ram, 128Gb Storage",Dark Purple,Android,16375,0.37,22434,3.7,13
Motorola,Motorola Edge 50 Pro 5G,"Luxe Lavender, 256 Gb",Luxe Lavender,Android,32999,0.11,36629,3.8,160
Samsung,Samsung Galaxy M33 5G ,"Deep Ocean Blue, 6Gb, 128Gb Storage",Deep Ocean Blue,Snapdragon,19990,0.2,23988,4.1,35135
Motorola,Motorola G45 5G ,"Viva Magenta, 4Gb Ram, 128Gb Storage",Viva Magenta,Android,11990,0.2,14388,4.1,3655
Vivo,Vivo Y28S 5G ,"Vintage Red, 4Gb Ram, 128Gb Storage",Vintage Red,Funtouch OS,13499,0.25,16874,3.9,53
Samsung,Samsung F14 ,Pepermint Green 4Gb 64Gb,Pepermint Green,Snapdragon,8139,0.42,11557,2.9,11
Samsung,Samsung Galaxy S24 5G Ai Smartphone ,"Amber Yellow, 8Gb, 128Gb Storage",Amber Yellow,Snapdragon,54739,0.27,69519,2.9,11
Motorola,Motorola G64 5G ,"Ice Lilac, 8Gb Ram, 128Gb Storage",Ice Lilac,Android,16374,0.09,17848,4,155
Samsung,Samsung Galaxy S24 Fe 5G Ai Smartphone ,"Graphite, 8Gb Ram, 256Gb Storage",Graphite,Snapdragon,56967,0.14,64942,5,1
Samsung,Samsung Galaxy A34 5G ,"Awesome Silver, 8Gb, 128Gb Storage",Awesome Silver,Snapdragon,24999,0.3,32499,4.2,2641
Samsung,Samsung Galaxy A13 Black ,"4Gb Ram, 128Gb Storage",Grey Shimmer,Snapdragon,9499,0.49,14154,4,1428
realme,Realme 12 5G ,"Twilight Purple, 8Gb Ram 128 Gb Storage",Twilight Purple,Android,15999,0.24,19839,4.1,305
Motorola,Motorola G04S 4G ,4Gb Ram & 64Gb Storage,Grey Shimmer,Android,7498,0,7498,3.9,18
realme,Realme 11 5G ,"Glory Gold, 8Gb Ram, 256Gb Storage",Glory Gold,Android,17990,0.22,21948,4.1,853
Samsung,Samsung Galaxy A34 5G ,"Awesome Lime, 8Gb, 128Gb Storage",Awesome Lime,Snapdragon,24990,0.3,32487,4.2,2641
Samsung,Samsung Galaxy S22 5G ,"Phantom Black, 8Gb, 128Gb Storage",Phantom Black,Snapdragon,35800,0.58,56564,4.3,1993
Vivo,Vivo V30 5G ,"Peacock Green, 8Gb Ram, 128Gb Storage",Peacock Green,Funtouch OS,27950,0.28,35776,4,10
Redmi,Redmi Note 13 Pro+ ,"Fusion White, 12Gb Ram, 256Gb Storage",Fusion White,MIUI,29999,0.17,35099,3.8,733
OnePlus,Oneplus Nord 3 5G ,"Tempest Gray, 16Gb Ram, 256Gb Storage",Tempest Gray,OxygenOS,30300,0.2,36360,4.1,6431
realme,Realme 13 Pro 5G ,"Monet Purple,8Gb+256Gb",Monet Purple,Android,26999,0.13,30509,3.6,87
Redmi,Redmi Note 13 Pro ,"Coral Purple, 8Gb Ram, 256Gb Storage",Coral Purple,MIUI,22718,0.27,28852,4,1156
Samsung,Samsung Galaxy A14 5G ,"Black, 4Gb, 128Gb Storage",Black,Snapdragon,11999,0.31,15719,3.9,2288
realme,Realme 13 Pro 5G ,"Emerald Green,12Gb+512Gb",Emerald Green,Android,28999,0.17,33929,3.6,87
Redmi,Redmi Note 10 Pro ,"Dark Night, 6Gb Ram, 128Gb Storage",Dark Night,MIUI,14999,0.25,18749,4.2,24460
realme,Realme C65 5G ,"Glowing Black, 128 Gb",Glowing Black,Android,11106,0.26,13994,2.8,10
realme,Realme 13 5G ,"Dark Purple, 8Gb Ram, 256Gb Storage",Dark Purple,Android,18399,0.2,22079,3.7,13
Samsung,Samsung Galaxy S21 Fe 5G ,"Lavender, 8Gb Ram, 256Gb Storage",Lavender,Snapdragon,31499,0.37,43154,3.8,1565
Motorola,Motorola G04S 4G ,4Gb Ram & 64Gb Storage,Grey Shimmer,Android,149,0,149,5,9
realme,Realme Narzo 50A ,"Oxygen Green , 4Gb Ram + 64 Gb Storage",Oxygen Green ,Android,9790,0.25,12238,4.2,46177
Samsung,Samsung Galaxy F34 5G ,"Mistic Green, 8 Gb Ram, 128 Gb Storage",Mistic Green,Snapdragon,17499,0.33,23274,3.8,44
Samsung,Samsung S24 5G ,Marble Grey 8Gb 256Gb,Marble Grey,Snapdragon,56490,0.29,72872,3.8,45
realme,Realme 12 Pro+ 5G ,"Navigator Beige, 8Gb Ram, 256Gb Storage",Navigator Beige,Realme UI ,26989,0.25,33736,4.1,411
Motorola,Motorola E13 ,"Aurora Green, 4Gb Ram 64Gb Storage",Aurora Green,Android,8499,0.23,10454,3.8,141
Samsung,Samsung Galaxy A14 5G ,"Light Green, 4Gb, 128Gb Storage",Light Green,Snapdragon,12949,0.35,17481,3.9,2288
Samsung,Samsung Galaxy S23 5G,"Phantom Black, 8Gb, 128Gb Storage",Phantom Black,Snapdragon,45400,0.5,68100,4.5,837
realme,Realme C63,Leather Blue 4Gb 128Gb,Leather Blue ,Android,8990,0.18,10608,3.3,6
Samsung,Samsung Galaxy F15 5G ,"Ash Black, 8Gb Ram, 128 Gb Storage",Ash Black,Snapdragon,15748,0.13,17795,4,2
realme,Realme 11 5G ,"Glory Black, 8 Gb Ram, 256 Gb Storage",Glory Black,Android,17190,0.25,21488,4,452
Redmi,Redmi A3X ,"Starry White, 4Gb Ram, 128Gb Storage",Starry White,MIUI,7598,0.31,9953,3.7,73
realme,Realme 13 Pro 5G ,"Emerald Green,8Gb+128Gb",Emerald Green,Android,24699,0.15,28404,3.6,87
Vivo,Vivo Y28S 5G ,"Twinkling Purple, 4Gb Ram, 128Gb Storage",Twinkling Purple,Funtouch OS,13499,0.25,16874,3.9,53
Samsung,Samsung Galaxy S22 5G ,"Phantom White, 8Gb Ram, 128Gb Storage",Phantom White,Snapdragon,37899,0.56,59122,4.3,1993
Motorola, Motorola All-New A10 ,Dual Sim Keypad Phone With Voice Feature ,Black,RTOS,985,0,985,4.5,2
realme,Realme 12+ 5G ,"Navigator Beige, 8Gb Ram, 128Gb Storage",Navigator Beige,Realme UI ,18390,0.23,22620,3.8,477
Vivo,Vivo Y28S 5G ,"Vintage Red, 6Gb Ram, 128Gb Storage",Vintage Red,Funtouch OS,13890,0.31,18196,3.9,53
Motorola,Motorola Edge 50 Fusion 5G ,"Forest Green, 12Gb Ram, 256Gb Storage",Forest Green,Android,27540,0.02,28091,3.6,56
realme,Realme C65 5G ,"Speedy Red, 8Gb Ram, 128Gb Storage",Speedy Red,Android,13219,0.22,16127,3.6,55
Vivo,Vivo V40 Pro 5G Ai Smartphone ,"Titanium Grey, 12Gb Ram+ 512Gb Storage",Titanium Grey,Android,52680,0.14,60055,3.6,7
Samsung,Samsung Galaxy A55 5G ,"Awesome Navy, 8Gb Ram, 128Gb Storage",Awesome Navy,Snapdragon,39999,0.07,42799,4,265
Motorola,Motorola All-New A50,Dark Blue,Dark Blue,Keypad,1412,0.22,1723,3.7,312
Redmi,Redmi Note 8 ,"Neptune Blue, 4Gb Ram, 64Gb Storage",Neptune Blue,MIUI,6999,0,6999,4.3,60502
Motorola,Motorola Edge 40 Neo ,"Soothing Sea, 128 Gb",Soothing Sea,Android,23799,0.21,28797,3.9,103
Redmi,Redmi Note 13 Pro+ ,"Fusion Black, 8Gb Ram, 256Gb Storage",Fusion Black,MIUI,24970,0.27,31712,3.8,733
Samsung,Samsung Galaxy F55 5G ,"Raisin Black, 256 Gb",Raisin Black,Snapdragon,24150,0.92,46368,3.5,4
Motorola,Motorola Edge 50 Ultra 5G ,Nordic Wood,Nordic Wood,Android,54290,0.16,62976,4.7,7
Vivo,Vivo V30 5G Smartphone ,"Classic Black, 8Gb Ram 128Gb Storage",Classic Black,Android,31998,0.18,37758,4.3,11
Redmi,Redmi Note 13 Pro+ World Champions Edition ,"Victory Blue, 12Gb Ram, 512Gb Storage",Victory Blue,MIUI,34999,0.22,42699,3.8,733
realme,Realme P1 Pro 5G ,"Parrot Blue, 8Gb Ram, 128Gb Storage",Parrot Blue,Android,18885,0.24,23417,4.1,112
realme,Realme P1 Pro 5G ,"Phoenix Red, 8Gb Ram, 128Gb Storage",Phoenix Red,Android,18965,0.24,23517,4.1,112
Samsung,Samsung Galaxy S20 Fe 5G ,"Cloud Mint, 8Gb Ram, 128Gb Storage",Cloud Mint,Snapdragon,27998,0.63,45637,4.2,36462
realme,Realme 13 Pro 5G ,"Monet Gold,8Gb+128Gb",Monet Gold,Android,23999,0.17,28079,3.6,87
realme,Realme 13+ 5G ,"Victory Gold, 8Gb Ram, 128Gb Storage",Victory Gold,Android,20435,0.21,24726,4,5
Motorola,Moto G85 5G ,"256, Urban Grey, New",Grey Shimmer,Android,19800,0,19800,3.4,7
Motorola,Motorola Edge 50 Pro 5G,"Vanilla Cream, 256 Gb",Vanilla Cream,Android,32299,0.15,37144,3.4,8
Vivo,Vivo Y200 Pro 5G ,"Silk Black, 8Gb Ram, 128Gb Storage",Silk Black,Funtouch OS,24999,0.17,29249,3.7,38
Samsung,Samsung Galaxy S24 Fe 5G,"Mint, 8Gb Ram, 256Gb Storage",Mint,Snapdragon,56864,0.14,64825,5,1
Vivo,Vivo V40 5G Smartphone ,"Lotus Purple, 12Gb Ram, 512Gb Storage",Lotus Purple,Android,41300,0.16,47908,4.7,2
realme,Realme 10 Pro+ 5G ,"Hyperspace, 128 Gb",Hyperspace,Android,18999,0.27,24129,4,32
Vivo,Vivo T2 Pro 5G ,"Dune Gold, 128 Gb",Dune Gold,Android,25999,0.04,27039,4,25
Redmi,Redmi 11 Prime 5G ,"Thunder Black, 4Gb Ram, 64Gb Storage",Thunder Black,MIUI,9999,0.38,13799,4,2440
realme,Realme C63 4G ,"Leather Blue,4 Gb Ram, 64Gb Storage",Leather Blue,Android,8199,0.18,9675,4,60
Samsung,Samsung Galaxy S24 5G,"Marble Gray, 8Gb, 128Gb Storage",Marble Gray,Snapdragon,53990,0.28,69107,5,1
Samsung,Samsung Galaxy S21 Fe 5G ,"Graphite, 8Gb, 128Gb Storage",Graphite,Snapdragon,29999,0.6,47998,4,1512
Vivo,Vivo V40E 5G Ai Smartphone ,"Mint Green, 8Gb Ram + 128Gb Storage",Mint Green,Android,25999,0.24,32239,4,60
Vivo,Vivo V40E 5G Ai Smartphone ,"Mint Green, 8Gb Ram+ 256Gb Storage",Mint Green,Android,28400,0.21,34364,4,60
Xiaomi,Redmi Note 8 ,"Cosmic Purple, 4Gb Ram, 64Gb Storage",Cosmic Purple,Android,8999,0.4,12599,4.3,15203
Motorola,Motorola G04S 4G ,4Gb Ram & 64Gb Storage,Grey Shimmer,Android,6999,0,6999,3.5,17
Redmi,Redmi A3 ,Midnight Black 6Gb Ram 128Gb Rom,Midnight Black ,MIUI,8394,0.3,10912,3.6,474
Motorola,Motorola G04S 4G ,4Gb Ram & 64Gb Storage,Grey Shimmer,Android,115,0,115,4.6,24
Redmi,Redmi Note 10 ,"Shadow Black, 4Gb Ram, 64Gb Storage",Shadow Black,MIUI,12990,0.13,14679,4.2,32789
Motorola,Motorola Edge 50 Neo 5G ,"Pantone Grisaille, 8Gb Ram, 256Gb Storage",Pantone Grisaille,Android,24940,0.17,29180,2,1
Samsung,Samsung Galaxy M34 5G ,"Waterfall Blue,8Gb,128Gb",Waterfall Blue,Snapdragon,255,0,255,4.1,1324
Samsung, Samsung Galaxy M14 4G ,"Arctic Blue,4Gb,64Gb",Arctic Blue,Snapdragon,7499,0,7499,5,2
Samsung,Samsung Galaxy F15 5G ,"Jazzy Green, 8Gb Ram, 128 Gb Storage",Jazzy Green,Snapdragon,15728,0.21,19031,5,2
Motorola,Motorola Edge 40 Neo ,"Caneel Bay, 128 Gb",Caneel Bay,Android,23345,0.22,28481,4.1,76
Samsung,Samsung Galaxy S23 5G ,"Cream, 8Gb Ram, 256Gb Storage",Cream,Snapdragon,32999,0,32999,4.2,97
Vivo,Vivo T2X 5G ,"Aurora Gold, 128 Gb",Aurora Gold,Android,13490,0.31,17672,4.1,195
Motorola,Motorola G34 5G ,"Ocean Green, 8Gb Ram, 128Gb Storage",Ocean Green,Android,12999,0,12999,4,491
Vivo,Vivo T2X 5G ,128 Gb,Grey Shimmer,Android,15460,0.19,18397,4.1,682
Samsung,Samsung F14 ,Moonlight Silver 4Gb 64Gb,Moonlight Silver,Snapdragon,8398,0.4,11757,1.9,10
Samsung,Samsung Galaxy F15 5G ,"Groovy Violet, 4Gb Ram, 128 Gb Storage",Groovy Violet,Snapdragon,13190,0.18,15564,2.7,5
realme,Realme 13 Pro 5G ,"Monet Gold,12Gb+512Gb",Monet Gold,Android,28399,0.19,33795,3.6,87
Redmi,Redmi Note 13 Pro+ ,"Fusion White, 8Gb Ram, 256Gb Storage",Fusion White,MIUI,24999,0.26,31499,3.8,733
Samsung,Samsung Galaxy S23 5G ,"Green, 8Gb Ram, 256Gb Storage",Green,Snapdragon,49849,0.48,73777,4.1,54
Redmi,Redmi A3 ,"Olive Green, 6Gb Ram, 128Gb Storage",Olive Green,MIUI,8999,0.25,11249,3.6,474
Motorola,Motorola G64 5G ,"Pearl Blue, 8Gb Ram, 128Gb Storage",Pearl Blue,Android,16989,0.06,18008,3.9,111
Samsung, Samsung Galaxy S23 5G ,"Cream, 8Gb, 128Gb Storage",Cream,Snapdragon,39999,0,39999,3.9,111
OnePlus, Oneplus Nord Ce 3 Lite 5G ,"Chromatic Gray, 8Gb Ram, 128Gb Storage",Chromatic Gray,OxygenOS,14999,0,14999,3,2
Redmi,Redmi Note 10T 5G ,"Mint Green, 4Gb Ram, 64Gb Storage",Mint Green,MIUI,12999,0.24,16119,4.1,8552
Vivo,Vivo T2X 5G ,"Glimmer Black, 128 Gb",Glimmer Black,Android,12990,0.28,16627,4.3,124
realme,Realme 13 Pro+ 5G ,"512, Monet Gold, New",Grey Shimmer,ColorOS,33835,0.17,39587,3.6,5
Redmi,Redmi Note 12 5G ,"Sunrise Gold, 6Gb Ram, 128Gb Storage",Sunrise Gold,MIUI,13990,0.36,19026,3.9,199
Samsung,Samsung Galaxy S23 5G,6.1 Inch,Grey Shimmer,Snapdragon,49900,0.48,73852,4.4,217
Vivo, Vivo Y200 5G ,"Jungle Green, 8Gb Ram, 128Gb Storage",Jungle Green,Funtouch OS,16749,0,16749,2.2,3
Samsung,Samsung Galaxy S23 5G,"Lavender, 8Gb, 128Gb Storage",Lavender,Snapdragon,43600,0.52,66272,4.4,90
Redmi, Redmi Y3 ,"Elegant Blue, 32Gb, 3Gb Ram",Elegant Blue,MIUI,5499,0,5499,3.2,102
realme,Realme 13 Pro 5G ,"Monet Purple,8Gb+128Gb",Monet Purple,Android,23975,0.17,28051,3.6,87
Samsung,Samsung Galaxy A34 5G ,"Awesome Graphite, 8Gb, 128Gb Storage",Awesome Graphite,Snapdragon,24999,0.3,32499,4.2,2641
Vivo, Vivo V29E 5G ,"Artistic Red,128",Artistic Red,Android,21850,0,21850,2.6,3
Redmi,Redmi 11 Prime ,"Peppy Purple, 6Gb Ram, 128Gb Storage",Peppy Purple,MIUI,9890,0.42,14044,3.9,322
Samsung,Samsung Galaxy A34 5G ,"Awesome Violet, 8Gb, 128Gb Storage",Awesome Violet,Snapdragon,24999,0.11,27749,4.2,2641
Redmi,Redmi A3 ,"Midnight Black, 6Gb Ram, 128Gb Storage",Midnight Black,MIUI,8999,0.25,11249,3.6,474
Redmi, Redmi 7A ,"Matte Black, 2Gb Ram, 32Gb Storage",Matte Black,MIUI,5590,0,5590,3.1,102
Apple,Apple Iphone 14 ,128 Gb,Grey Shimmer,iOS,59900,0.25,74875,4.5,5600
Redmi,Redmi 11 Prime 5G ,"Chrome Silver, 4Gb Ram 64Gb Rom",Chrome Silver,MIUI,11999,0.25,14999,4,1873
Motorola,Motorola Edge 50 Neo 5G ,"Pantone Latte, 8Gb Ram, 256Gb Storage",Pantone Latte,Android,24699,0.18,29145,4,1865
Xiaomi, Xiaomi Redmi Note 7 Pro ,"Neptune Blue, 4Gb, 64Gb",Neptune Blue,Android,6499,0,6499,3.2,183
Redmi,Redmi Note 12 5G ,Mystique Blue 6Gb Ram 128Gb Rom ,Mystique Blue,MIUI,15498,0.3,20147,4.1,1863
Vivo,Vivo Y200E 5G ,"Saffron Delight, 6Gb Ram, 128Gb Storage",Saffron Delight,Funtouch OS,19999,0.17,23399,4.1,294
realme, Realme C30S ,"Stripe Blue, 4Gb Ram, 64Gb Storage",Stripe Blue,Android,5699,0,5699,1,1
Xiaomi,Xiaomi 14 Civi ,"Shadow Black, 8Gb Ram, 256Gb Storage",Shadow Black,HyperOS,40999,0.25,51249,3.4,11
Samsung,Samsung Galaxy A55 5G ,"Awesome Navy, 8Gb Ram, 128Gb Storage",Awesome Navy,Snapdragon,37479,0.19,44600,4,265
Redmi,Redmi Note 10S ,"Cosmic Purple, 8Gb Ram,128 Gb Storage",Cosmic Purple,MIUI,12999,0.38,17939,4.1,856
Vivo,Vivo V40 Pro 5G Ai Smartphone ,"Titanium Grey, 8Gb Ram+ 256Gb Storage",Titanium Grey,Android,47800,0.13,54014,4.2,15
Xiaomi,Xiaomi Redmi 10 Power ,"Sporty Orange, 8Gb Ram, 128Gb Storage",Sporty Orange,MIUI,17998,0,17998,4.1,2311
Redmi,Redmi Note 12 5G ,"Matte Black,8Gb Ram, 256Gb Storage",Matte Black,MIUI,16999,0.29,21929,3.9,614
Vivo,Vivo V30 Pro 5G Smartphone ,"Andaman Blue, 8Gb Ram, 256Gb Storage",Andaman Blue,Android,37719,0.2,45263,4,2
Motorola,Motorola Edge 40 Neo ,"Black Beauty, 128 Gb",Black Beauty,Android,23999,0.2,28799,4,68
OnePlus,Oneplus Nord 3 5G ,"Misty Green, 16Gb Ram, 256Gb Storage",Misty Green,OxygenOS,29999,0.21,36299,4.1,6431
realme,Realme 13+ 5G ,"Dark Purple, 8Gb Ram, 128Gb Storage",Dark Purple,Android,20884,0.05,21928,4,5
Redmi,Redmi A3 ,Olive Green 6Gb 128Gb,Olive Green,MIUI,8386,0.3,10902,3.6,474
Redmi,Redmi Note 10S ,"Shadow Black, 6Gb Ram, 64Gb Storage",Shadow Black,MIUI,14999,0.12,16799,4.2,88776
Vivo,Vivo V30 5G ,"Andaman Blue, 8Gb Ram, 128Gb Storage",Andaman Blue,Funtouch OS,31998,0.18,37758,3.5,9
Samsung,Samsung Galaxy F55 5G ,"Apricot Crush, 256 Gb",Apricot Crush,Snapdragon,22999,0.28,29439,1,1
Motorola,Motorola Edge 40 Neo 5G ,"Peach Fuzz, 8Gb Ram, 128Gb Storage",Peach Fuzz,Android,23410,0.1,25751,4,70
realme,Realme 11 Pro 5G ,"Astral Black, 12Gb Ram, 256Gb Storage",Astral Black,Android,23997,0.23,29516,4.1,1066
Redmi,Redmi Note 12 Pro 5G ,"Glacier Blue, 8Gb Ram, 256Gb Storage",Glacier Blue,MIUI,18790,0.41,26494,4.1,286
Motorola,Motorola G34 5G ,"Charcol Black, 4Gb Ram, 128Gb Storage",Charcol Black,Android,12999,0.07,13909,3.9,92
Vivo,Vivo Y28 5G ,"Twinkling Purple, 6Gb Ram, 128Gb Storage",Twinkling Purple,Funtouch OS,14000,0.22,17080,3.9,53
realme,Realme 11 Pro 5G ,"Sunrise Beige, 8Gb Ram, 256Gb Storage",Sunrise Beige,Android,24439,0.13,27616,4.1,1066
OnePlus,2&Co Ouneplus Nord N20 Se ,"Jade Wave, 4Gb Ram, 128Gb Storage",Jade Wave,Android,16999,0,16999,3.7,8
Samsung,Samsung Galaxy F54 5G ,Stardust Silver 8 Gb Ram 256 Rom Gb ,Stardust Silver,Snapdragon,26990,0.25,33738,3.8,401
Samsung,Samsung Galaxy F14 5G ,"Goat Green, 6Gb Ram 128Gb ",Goat Green,Snapdragon,12999,0.26,16379,3.7,91
OnePlus, Oneplus Nord Ce 2 Lite 5G ,"Black Dusk, 6Gb Ram, 128Gb Storage",Black Dusk,OxygenOS,13799,0,13799,2.4,23
Motorola,Motorola Edge 40 Neo 5G ,"Peach Fuzz, 12Gb Ram, 256Gb Storage",Peach Fuzz,Android,26399,0.25,32999,4,19
Vivo,Vivo Y200E 5G ,"Black Diamond, 6Gb Ram, 128Gb Storage",Black Diamond,Funtouch OS,19999,0.17,23399,4.1,294
Apple,Apple Iphone 12 ,128 Gb,Grey Shimmer,iOS,54899,0,54899,4.5,32498
realme,Realme 11 Pro 5G ,"Oasis Green, 8Gb Ram, 256Gb Storage",Oasis Green,Android,23400,0.16,27144,4.1,571
OnePlus, Oneplus Nord Ce 3 5G ,"Aqua Surge, 8Gb Ram, 128Gb Storage",Aqua Surge,OxygenOS,16999,0,16999,3.3,3
Redmi,Redmi Note 12 5G ,Matte Black 4Gb Ram 128Gb Rom ,Matte Black ,MIUI,14999,0.25,18749,3.6,1528
Redmi,Redmi A3 ,"Lake Blue, 6Gb Ram, 128Gb Storage",Lake Blue,MIUI,8999,0.25,11249,3.6,474
Redmi,Redmi Note 13 Pro+ ,"Fusion Purple, 8Gb Ram, 256Gb Storage",Fusion Purple,MIUI,24999,0.26,31499,3.8,733
Motorola,Motorola Edge 40 Neo ,"Soothing Sea, 256 Gb",Soothing Sea,Android,26695,0.11,29631,3.7,48
realme, Realme Narzo 70X 5G ,"Forest Green, 6Gb Ram,128Gb Storage",Forest Green,Android,11799,0,11799,3.7,856
OnePlus, Oneplus Nord Ce 2 Lite 5G ,"Blue Tide, 6Gb Ram, 128Gb Storage",Blue Tide,OxygenOS,14999,0,14999,2.3,10
Xiaomi,Xiaomi 11 Lite ,"Vinyl Black, 8Gb Ram, 128Gb Storage",Vinyl Black,Android,12950,0.5,19425,3.7,231
realme,Realme 11X 5G ,"Purple Dawn, 8Gb Ram, 128Gb Storage",Purple Dawn,Android,15448,0.19,18383,4.1,866
realme,Realme 12 Pro+ 5G ,"Submarine Blue, 8Gb Ram, 128Gb Storage",Submarine Blue,Realme UI ,26890,0.23,33075,4.1,411
Redmi,Redmi 10 ,"Midnight Black, 4Gb Ram, 64Gb Storage",Midnight Black,MIUI,7590,0.37,10398,3.9,165
Samsung,Samsung Galaxy A23 ,"Black, 6Gb Ram, 128Gb Storage",Black,Snapdragon,16490,0.31,21602,4,1112
Motorola,Motorola G34 5G ,"Ocean Green, 4Gb Ram, 128Gb Storage",Ocean Green,Android,12999,0,12999,4.2,132
Redmi,Redmi 10 ,"Pacific Blue, 4Gb Ram, 64Gb Storage",Pacific Blue,MIUI,7999,0.47,11759,3.9,25
Samsung,Samsung Galaxy Note10+ ,"Aura Black, 12Gb Ram, 256Gb Storage",Aura Black,Snapdragon,43999,0.56,68638,3.6,477
Apple,Apple Iphone 12 ,128 Gb,Grey Shimmer,iOS,43999,0,43999,4.5,32498
Samsung,Samsung Galaxy A06 ,"Black, 4Gb Ram, 64Gb Storage",Black,Snapdragon,9998,0.13,11298,1,5
realme, Realme 11 Pro+ 5G ,"Oasis Green, 12Gb Ram, 256Gb Storage",Oasis Green,Android,21999,0,21999,2,5
Redmi,Redmi Note 12 5G ,"Frosted Green,8Gb Ram, 256Gb Storage",Frosted Green,MIUI,16999,0.29,21929,3.9,560
Samsung, Samsung Galaxy S21 Fe 5G ,"Olive, 8Gb, 128Gb Storage",Olive,Snapdragon,24999,0,24999,3.8,29
realme,Realme C51 ,"Mint Green, 4Gb Ram, 128Gb Storage",Mint Green,Realme UI ,9998,0.17,11698,4,105
realme,Realme 13 Pro 5G ,"Monet Purple,12Gb+512Gb",Monet Purple,Android,29994,0.14,34193,3.6,87
Vivo,Vivo Y200 Pro 5G ,"Silk Green, 8Gb Ram, 128Gb Storage",Silk Green,Funtouch OS,24999,0.17,29249,3.7,38
Samsung,Samsung Galaxy S20 Fe 5G ,"Cloud Lavender, 8Gb Ram, 128Gb Storage",Cloud Lavender,Snapdragon,26498,0.65,43722,4.2,36462
Motorola,Motorola E13 ,"Creamy White, 4Gb Ram 64Gb Storage",Creamy White,Android,8999,0.18,10619,3.2,44
Samsung,Samsung F34 5G ,Storage 128Gb,Black,Snapdragon,15989,0.2,19187,3.7,47
realme,Realme 13 Pro+ 5G ,"Monet Gold, 8Gb Ram, 256Gb",Monet Gold,ColorOS,29999,0.19,35699,3.4,10
Motorola,Motorola Edge 50 Pro 5G,"Caneel Bay, 12Gb Ram, 256Gb Storage",Caneel Bay,Android,33029,0.21,39965,3.4,15
realme,Realme C65 ,"Speedy Red, 4Gb Ram, 128Gb Storage",Speedy Red,Android,11398,0.24,14134,3.4,15
realme,Realme 12 Pro 5G ,"Navigator Beige, 12Gb Ram, 256Gb Storage",Navigator Beige,Android,24999,0.26,31499,4.2,92
Redmi,Redmi A3 ,"Lake Blue, 4Gb Ram, 128Gb Storage",Lake Blue,MIUI,7955,0.28,10182,3.6,474
Xiaomi,Xiaomi 14 Civi ,"Matcha Green, 8Gb Ram, 256Gb Storage",Matcha Green,HyperOS,40999,0.25,51249,3,2
Xiaomi,Xiaomi Mi 11 Lite ,"Jazz Blue, 8Gb Ram, 128Gb Storage",Jazz Blue,Android,12960,0.5,19440,3.7,231
Redmi,Redmi A3 ,Midnight Black 4Gb 128Gb,Midnight Black,MIUI,7990,0.27,10147,3.6,474
realme,Realme 11 Pro+ 5G ,"Sunrise Beige, 8Gb Ram, 256Gb Storage",Sunrise Beige,Android,26990,0.18,31848,4.1,610
Vivo,Vivo V40 5G Smartphone ,"Titanium Grey, 12Gb Ram, 512Gb Storage",Titanium Grey,Android,41999,0.14,47879,5,1
realme,Realme C67 5G ,"Sunny Oasis, 128 Gb",Sunny Oasis,Android,11225,0.34,15042,3.9,168
Redmi,Redmi Note 13 Pro+ ,"Fusion Black, 12Gb Ram, 256Gb Storage",Fusion Black,MIUI,25990,0.28,33267,3.8,733
realme,Realme C63 5G ,"Forest Green, 4Gb Ram, 128Gb Storage",Forest Green,Realme UI ,10999,0.15,12649,3.8,866
Samsung,Samsung Galaxy M30S ,"Opal Black, 4Gb Ram, 64Gb Storage",Opal Black,Snapdragon,15500,0,15500,4.2,248935
realme,Realme 12 Pro 5G ,"Submarine Blue, 8Gb Ram 256 Gb Storage",Submarine Blue,Snapdragon,22433,0,22433,4.2,639
Vivo,Vivo T3 5G ,"Cosmic Blue, 128 Gb",Cosmic Blue,Android,20999,0,20999,4.2,635
Vivo,Vivo Y18E ,"Gem Green, 4Gb Ram, 64Gb Storage",Gem Green,Funtouch OS,7999,0.33,10639,3.9,149
Samsung, Samsung Galaxy Z Flip3 5G ,"Phantom Black, 8Gb Ram, 128Gb Storage",Phantom Black,Snapdragon,45999,0,45999,2.7,20
Xiaomi,Xiaomi 11T Pro 5G Hyperphone ,"Moonlight White, 12Gb Ram, 256Gb Storage",Moonlight White,Android,24390,0.37,33414,4.1,3945
Motorola,Motorola G04S,Satin Blue 4Gb 64Gb,Satin Blue,Snapdragon,8499,0,8499,3.3,10
realme,Realme 13+ 5G ,"Speed Green, 8Gb Ram, 256Gb Storage",Speed Green,Android,23499,0.16,27259,4,5
Vivo,Vivo Y18E ,"Space Black, 4Gb Ram, 64Gb Storage",Space Black,Funtouch OS,7999,0.33,10639,3.9,149
Redmi,Redmi Note 10T 5G ,"Mint Green, 6Gb Ram, 128Gb Storage",Mint Green,MIUI,13678,0.28,17508,4.1,2645
Redmi, Redmi 12 5G ,Jade Black 8Gb Ram 256Gb Rom,Jade Black ,MIUI,12999,0,12999,3.7,5
realme,Realme P1 5G ,"Feather Blue, 8Gb Ram, 256Gb Storage",Feather Blue,Android,17999,0.22,21959,3.7,5
realme,Realme C65 ,"Speedy Red, 6Gb Ram, 128Gb Storage",Speedy Red,Android,12194,0.24,15121,3.7,5
Samsung,Samsung Galaxy M30 ,"Gradation Blue, 4Gb Ram, 64Gb Storage",Gradation Blue,Snapdragon,16490,0,16490,4.2,110378
realme, Realme 11X 5G ,"Purple Dawn, 8Gb Ram, 128Gb Storage",Purple Dawn,Realme UI ,12899,0,12899,4,1
Xiaomi,Xiaomi 14 Civi ,"Cruise Blue, 8Gb Ram, 256Gb Storage",Cruise Blue,HyperOS,40999,0.25,51249,3.2,7
Xiaomi, Redmi Note 8 ,"Neptune Blue, 4Gb Ram, 64Gb Storage",Neptune Blue,Android,6999,0,6999,3.2,171
Redmi, Redmi 12 5G ,"Jade Black, 6Gb 128Gb",Jade Black,MIUI,10999,0,10999,3.1,6
realme, Realme C33 ,"Night Sea, 4Gb Ram, 64Gb Storage",Night Sea,Android,6940,0,6940,3.1,8
realme,Realme Gt 6 5G ,"256, Razor Green, New",Grey Shimmer,Android,40799,0.13,46103,3.6,19
Motorola,Motorola Edge 50 Neo 5G ,"Pantone Poinciana, 8Gb Ram, 256Gb Storage",Pantone Poinciana,Android,24889,0.17,29120,3.6,24
realme, Realme 11X 5G ,"Midnight Black, 8Gb Ram, 128Gb Storage",Midnight Black,Realme UI ,12499,0,12499,1,1
realme,Realme 10 ,"Rush Black, 4 Gb Ram, 64 Gb Ram Storage",Rush Black,Android,9440,0.41,13310,3.7,66
Vivo,Vivo Y75 ,"Dancing Waves, 8Gb Ram, 128Gb Rom",Dancing Waves,Funtouch OS,15990,0.38,22066,4.2,402
Samsung,Samsung Galaxy F15 5G ,"Jazzy Green, 4Gb Ram, 128 Gb Storage",Jazzy Green,Snapdragon,12490,0.22,15238,3.7,3
Samsung,Samsung Galaxy M53 5G ,"Mystique Green, 6Gb, 128Gb Storage",Mystique Green,Snapdragon,24499,0.26,30869,4,12303
Redmi, Redmi Note 10S ,"Frost White, 8Gb Ram,128 Gb Storage",Frost White,MIUI,10999,0,10999,3.1,7
Xiaomi,Xiaomi 14 Civi ,"Shadow Black, 12Gb Ram, 512Gb Storage",Shadow Black,HyperOS,43999,0.2,52799,2.9,5
Redmi,Redmi Note 10S ,"Shadow Black, 6Gb Ram, 128Gb Storage",Shadow Black,MIUI,16499,0.13,18644,4.2,88776
Motorola, Moto A70,Rose Gold,Rose Gold,Android,1579,0,1579,3.1,57
Redmi,Redmi Note 12 Pro 5G ,"Onyx Black, 8Gb Ram, 256Gb Storage",Onyx Black,MIUI,22900,0.26,28854,4.2,243
OnePlus, Oneplus 8T 5G ,"Aquamarine Green, 8Gb Ram, 128Gb Storage",Aquamarine Green,Android,16998,0,16998,2.3,12
OnePlus, Oneplus Nord Ce 3 5G ,"Grey Shimmer, 8Gb Ram, 128Gb Storage",Grey Shimmer,OxygenOS,32998,0,32998,4,1
realme, Realme C30S ,"Stripe Blue, 2Gb Ram, 32Gb Storage",Stripe Blue,Realme UI ,5149,0,5149,4,2
OnePlus, Oneplus 11R 5G ,"Galactic Silver, 8Gb Ram, 128Gb Storage",Galactic Silver,OxygenOS,26499,0,26499,1.3,4
Redmi, Redmi Note 7S ,"3Gb, 32Gb, Sapphire Blue",Grey Shimmer,MIUI,5479,0,5479,3.4,45
realme,Realme 13+ 5G ,"Victory Gold, 8Gb Ram, 256Gb Storage",Victory Gold,Android,23490,0.16,27248,4,5
Redmi, Redmi 7A ,"Matte Blue, 2Gb Ram, 16Gb Storage",Matte Blue,MIUI,4499,0,4499,3.2,26
Samsung,Samsung Galaxy F15 5G ,"Ash Black, 4Gb Ram, 128 Gb Storage",Ash Black,Snapdragon,12390,0.23,15240,2.4,8
Samsung,Samsung Galaxy M30S ,"Opal Black, 6Gb Ram, 128Gb Storage",Opal Black,Snapdragon,18500,0,18500,4.2,248935
Vivo,Vivo V29 Pro 5G ,"Blue, 8Gb Ram, 256Gb Storage",Blue,Android,34499,0.23,42434,4,1
realme,Realme 12 Pro 5G ,"Navigator Beige, 8Gb Ram, 128Gb Storage",Navigator Beige,Realme UI ,22999,0.23,28289,4.2,92
Xiaomi, Redmi Note 7 3Gb 32Gb ,Onyx Black,Onyx Black,Android,5999,0,5999,3.8,15
Redmi,Redmi Note 12 ,"Ice Blue, 6Gb Ram, 64Gb Storage",Ice Blue,MIUI,9490,0,9490,4.2,544
realme,Realme C55 ,"Sunshower, 128 Gb",Sunshower,Android,13999,0.13,15819,4,526
Samsung,Samsung Galaxy S21 Fe 5G ,Black,Black,Snapdragon,35000,0.53,53550,4.3,7
Samsung,Samsung Galaxy S21 Fe 5G ,"Lavender, 8Gb, 128Gb Storage",Lavender,Snapdragon,29944,0.6,47910,4,1512
Vivo,Vivo Y28E 5G ,"Vintage Red, 4Gb Ram, 64Gb Storage",Vintage Red,Funtouch OS,10898,0.27,13840,3.8,59
Samsung,Samsung Galaxy F05 ,"Twilight Blue, 64 Gb",Twilight Blue,Snapdragon,7499,0.25,9374,3.8,69
realme,Realme C55 ,"Sunshower 6Gb Ram, 64Gb Storage",Sunshower,Android,11270,0.19,13411,4.1,416
realme,Realme 9 5G ,"Meteor Black, 4Gb Ram, 64Gb Storage",Meteor Black,Android,12249,0.36,16659,4.2,467
Samsung,Samsung Galaxy A06 ,"Light Blue, 4Gb Ram, 64Gb Storage",Light Blue,Snapdragon,9998,0.13,11298,1,5
Samsung, Samsung Galaxy A34 5G ,"Awesome Graphite, 8Gb, 256Gb Storage",Awesome Graphite,Snapdragon,22523,0,22523,3.5,5
Xiaomi,Xiaomi 14 Civi ,"Matcha Green, 12Gb Ram, 512Gb Storage",Matcha Green,HyperOS,43999,0.2,52799,4.3,3
Xiaomi,Xiaomi 11T Pro 5G Hyperphone ,"Celestial Magic, 12Gb Ram, 256Gb Storage",Celestial Magic,Android,26999,0.51,40768,4.1,3945
Redmi, Redmi 12 ,Pastel 6Gb 128Gb ,Pastel,MIUI,8499,0,8499,4.5,2
Redmi,Redmi Note 11T 5G ,"Matte Black, 8Gb Ram, 128Gb Rom",Matte Black,MIUI,17999,0.28,23039,4.1,4045
Vivo,Vivo V27 5G ,"Magic Blue, 128 Gb",Magic Blue,Android,36999,0,36999,4,197
Xiaomi, Mi Redmi 7A 32Gb 2Gb ,Matte Gold,Matte Gold,Android,5499,0,5499,4.7,7
OnePlus,Oneplus 11 5G ,"Eternal Green, 8Gb Ram, 128Gb Storage",Eternal Green,OxygenOS,27999,0,27999,4.3,5810
Redmi, Redmi 12 ,"Pastel Blue, 4Gb Ram, 128B Storage",Pastel Blue,MIUI,8999,0,8999,4.3,528
Motorola,Motorola G14 4G ,"Pale Lilac, 4Gb Ram, 128Gb Storage",Pale Lilac,Android,9999,0.23,12299,4.1,126
Redmi,Redmi 11 Prime ,"Playful Green, 6Bg Ram 128Gb Rom",Playful Green,MIUI,9971,0.41,14059,3.9,177
Motorola,Motorola Edge 50 Pro 5G,"Black Beauty, 8Gb Ram, 256Gb Storage",Black Beauty,Android,28896,0,28896,4,83
Motorola,Motorola G62 5G ,"8Gb, 128Gb",Grey Shimmer,Android,16490,0.34,22097,3.8,92
realme, Realme Narzo 50I Prime ,"Dark Blue,4Gb Ram, 64Gb Storage",Dark Blue,Android,6999,0,6999,3.5,20
realme,Realme C53 ,"Champion Black, 4Gb Ram, 128Gb Storage",Champion Black,Android,10990,0.08,11869,3.9,1539
realme,Realme 10 Pro 5G ,"Dark Matter, 6Gb Ram, 128Gb Storage",Dark Matter,Android,16999,0.19,20229,4,27
Redmi,Redmi Note 10S ,"Frost White, 8Gb Ram,128 Gb Storage",Frost White,MIUI,16490,0.21,19953,4.2,88776
realme, Realme 12+ 5G ,"Pioneer Green, 8Gb Ram, 256Gb Storage",Pioneer Green,Realme UI ,17299,0,17299,4.2,565
realme,Realme 8S 5G ,"Universe Blue, 8Gb Ram, 128Gb Storage",Universe Blue,Android,16999,0.26,21419,4.2,699
realme,Realme C63 5G ,"Starry Gold, 8Gb Ram, 128Gb Storage",Starry Gold,Realme UI ,12979,0.13,14666,4.2,852
Xiaomi,Xiaomi 14 Civi ,"Cruise Blue, 12Gb Ram, 512Gb Storage",Cruise Blue,HyperOS,43330,0.28,55462,5,1
realme, Realme 11 Pro 5G ,"Sunrise Beige, 8Gb Ram, 256Gb Storage",Sunrise Beige,Android,19399,0,19399,3,4
Samsung,Samsung Galaxy M30 ,"Metallic Blue, 3Gb Ram,32Gb Storage",Metallic Blue,Snapdragon,11000,0,11000,4.2,110378
Xiaomi,Xiaomi 12 Pro ,4 Gb,Black,MIUI,39990,0.5,59985,3.9,3993
realme,Realme C30 ,"Bamboo Green, 3Gb Ram, 32Gb Storage",Bamboo Green,Android,7299,0.22,8905,4.1,54
Redmi,Redmi Note 12 Pro 5G ,"Onyx Black, 12Gb Ram, 256Gb Storage",Onyx Black,MIUI,21999,0.33,29259,3.9,55
realme,Realme 10 ,Rush Black 128 Gb,Rush Black,Android,10270,0,10270,4,79
Redmi,Redmi Note 12 Pro+ 5G ,"Iceberg Blue, 8Gb Ram, 256Gb Storage",Iceberg Blue,MIUI,25990,0.24,32228,4.2,201
Redmi,Redmi A3 ,Lake Blue 6Gb Ram 128Gb Rom,Lake Blue ,MIUI,8998,0.25,11248,3.6,474
realme,Realme C35 ,"Glowing Black, 4Gb Ram, 64Gb Storage",Glowing Black,Android,8199,0.41,11561,4,1648
realme, Realme Narzo N53 ,"Feather Gold, 6Gb+128Gb",Feather Gold,Android,7399,0,7399,3.7,5
OnePlus,Oneplus 11 5G ,"Titan Black, 8Gb Ram, 128Gb Storage",Titan Black,OxygenOS,32999,0,32999,4.3,5810
Motorola,Motorola Edge 50 Ultra 5G ,Peach Fuzz,Peach Fuzz,Android,53299,0.18,62893,3,2
Samsung,Samsung Galaxy F23 5G ,"Copper Blush, 128 Gb",Copper Blush,Snapdragon,16989,0.29,21916,3,4
Xiaomi,Xiaomi 11 Lite Ne 5G ,Jazz Blue 6Gb Ram 128 Gb Storage,Jazz Blue ,MIUI,21999,0.21,26619,4,26241
Samsung, Samsung Galaxy Z Flip5 5G ,"Mint, 8Gb Ram, 256Gb Storage",Mint,Snapdragon,58499,0,58499,2.7,11
Xiaomi, Redmi Note 7 Pro ,"Nebula Red, 64Gb, 4Gb Ram",Nebula Red,Android,6499,0,6499,3.2,17
Xiaomi,Xiaomi 11T Pro 5G Hyperphone ,"Celestial Magic, 8Gb Ram, 256Gb Storage",Celestial Magic,Android,24990,0.29,32237,4.1,3945
realme, Realme C31 ,"Dark Green, 4Gb Ram, 64Gb Storage",Dark Green,Android,6499,0,6499,4.2,5
realme,Realme P1 Pro 5G ," 12Gb Ram, 256Gb Storage",Grey Shimmer,Android,21999,0.19,26179,4.1,112
Xiaomi, Xiaomi 12 Pro ,4 Gb,Black,Android,31999,0,31999,3.6,24
Vivo, Vivo V23 5G ,"Sunshine Gold, 8Gb Ram 128Gb Storage",Sunshine Gold,Android,21999,0,21999,3.3,78
Redmi,Redmi K20 Pro ,"Glacier Blue, 6Gb Ram, 128Gb Storage",Glacier Blue,MIUI,22500,0.22,27450,4.3,6863
Vivo,Vivo Y22 ,"Starlit Blue, 4Gb Ram, 64Gb Storage",Starlit Blue,Funtouch OS,10999,0.27,13969,4.1,771
Redmi, Redmi Note 9 Pro Max ,"Aurora Blue, 6Gb Ram, 128Gb Storage",Aurora Blue,MIUI,10499,0,10499,3.4,135
Samsung, Samsung Galaxy M33 5G ,"Deep Ocean Blue, 6Gb, 128Gb Storage",Deep Ocean Blue,Snapdragon,12999,0,12999,3.5,160
Vivo, Vivo Y200 5G ,"Desert Gold, 8Gb Ram, 128Gb Storage",Desert Gold,Funtouch OS,17999,0,17999,3.3,3
Motorola,Motorola Edge 30 ,"8Gb, 128Gb",Grey Shimmer,Android,23490,0.33,31242,3.4,20
Samsung,Samsung Galaxy A06 ,"Black, 4Gb Ram, 64Gb Storage",Black,Snapdragon,8999,0.1,9899,3.4,24
realme, Realme Narzo 50A ,"Oxygen Green, 4Gb Ram + 128Gb Storage",Oxygen Green,Android,8499,0,8499,3.7,69
Motorola, Moto A10,Dark Blue_Dual Sim 1750 Mah Battery,Dark Blue,Android,14660,0,14660,3.7,157
OnePlus, Oneplus 7T ,"Glacier Blue, 8Gb Ram,128Gb Storage",Glacier Blue,Android,17999,0,17999,3.3,18
Xiaomi, Xiaomi Mi A3 ,"More Than White, 6Gb Ram,128Gb Storage", White,Android,7899,0,7899,3.5,39
realme, Realme C33 2023 ,"Sandy Gold, 4Gb Ram, 128Gb Storage",Sandy Gold,Android,7499,0,7499,3,2
OnePlus, Oneplus Nord 2T 5G ,"Gray Shadow, 8Gb Ram, 128Gb Storage",Gray Shadow,OxygenOS,16999,0,16999,2.7,31
Redmi,Redmi Note 12 ,"Sunrise Gold, 6Gb Ram, 64Gb Storage",Sunrise Gold,MIUI,13990,0.26,17627,4.1,362
Redmi, Redmi Note 9 ,"Aqua Green, 4Gb Ram, 128Gb Storage",Aqua Green,MIUI,9999,0,9999,3.4,16
Redmi, Redmi Note 7 Pro ,"Neptune Blue, 128Gb, 6Gb Ram",Neptune Blue,MIUI,7999,0,7999,3,129
OnePlus, Oneplus Nord Ce 3 Lite 5G ,"Pastel Lime, 8Gb Ram, 128Gb Storage",Pastel Lime,OxygenOS,16499,0,16499,2.4,2
realme, Realme Narzo 50I Prime ,"Mint Green,4Gb Ram, 64Gb Storage",Mint Green,Android,6990,0,6990,3.9,19
realme, Realme Narzo 60 Pro ,"Cosmic Black,8Gb+128Gb",Cosmic Black,Android,16399,0,16399,4.6,4
realme, Realme 11 Pro+ 5G ,"Sunrise Beige, 8Gb Ram, 256Gb Storage",Sunrise Beige,Android,23999,0,23999,4.7,3
realme,Realme Gt 6 5G ,"256, Fluid Silver, New",Grey Shimmer,Android,40999,0.13,46329,3.6,19
Xiaomi, Redmi 13C ,"Stardust Black, 4Gb Ram, 128Gb Storage",Stardust Black,MIUI,6699,0,6699,4,52
Vivo,Vivo Y28S 5G ,"Twinkling Purple, 4Gb Ram, 128Gb Storage",Twinkling Purple,Funtouch OS,12500,0.31,16375,3.9,53
OnePlus, Oneplus 12 ,"Silky Black, 12Gb Ram, 256Gb Storage",Silky Black,OxygenOS,52999,0,52999,3.9,60
OnePlus, Oneplus 8T 5G ," Lunar Silver, 8Gb Ram, 128Gb Storage", Lunar Silver,Android,17190,0,17190,3.1,8
realme, Realme Narzo N55 ,"Prime Black, 4Gb+64Gb",Prime Black,Android,7999,0,7999,3.3,8
Redmi, Redmi Note 13 Pro 5G ,"Coral Purple, 8Gb Ram, 128Gb Storage",Coral Purple,MIUI,21499,0,21499,3.3,60
OnePlus, Oneplus 12 ,"Silky Black, 16Gb Ram, 512Gb Storage",Silky Black,OxygenOS,54149,0,54149,3.3,60
realme,Realme Narzo 30 ,"Racing Blue, 4Gb Ram, 64Gb Storage",Racing Blue,Android,10990,0.27,13957,4.2,8575
Samsung, Samsung Galaxy F04 ,4Gb Ram 64Gb Storage,Grey Shimmer,Snapdragon,7499,0,7499,3.5,11
Motorola,Motorola G04S ,Concord Black 4Gb 64Gb,Concord Black,Android,8178,0,8178,4,15
Motorola,Motorola Edge 30 Fusion 5G ,"Viva Magenta, 8Gb Ram, 128Gb Storage",Viva Magenta,Android,26999,0.46,39419,3.5,23
realme,Realme 9I 5G ,"Metallica Gold, 4Gb Ram, 64Gb Storage",Metallica Gold,Android,11799,0.34,15811,4.1,93
Vivo,Vivo V29 Pro 5G ,"Black, 8Gb Ram, 256Gb Storage",Black,Android,35390,0.21,42822,4,1
Redmi,Redmi 10 ,"Pacific Blue, 6Gb Ram, 128Gb Storage",Pacific Blue,MIUI,11790,0.31,15445,4,1
realme, Realme Narzo 50 ,"Speed Black, 6Gb Ram, 128Gb Storage",Speed Black,Android,9999,0,9999,4.2,7
Redmi,Redmi Note 10 Pro Max ,"Dark Nebula, 6Gb Ram, 128Gb Storage",Dark Nebula,MIUI,20980,0.42,29792,4.2,2300
OnePlus, Oneplus Nord Ce4 ,"Dark Chrome, 8Gb Ram, 256Gb Storage",Dark Chrome,OxygenOS,24199,0,24199,4.2,60
Redmi,Redmi Note 10T 5G ,"Graphite Black, 6Gb Ram, 128Gb Storage",Graphite Black,MIUI,13970,0.26,17602,4,2846
Redmi,Redmi Note 12 Pro 5G ,"Glacier Blue, 12Gb Ram, 256Gb Storage",Glacier Blue,MIUI,21999,0.33,29259,4.2,85
realme, Realme C53 ,"Champion Black, 4Gb Ram, 128Gb Storage",Champion Black,Realme UI ,9299,0,9299,4.2,60
Vivo, Vivo X60 ,"Midnight Black, 12Gb Ram, 256Gb Storage",Midnight Black,Android,22999,0,22999,2.9,29
Vivo, Iqoo Z6 5G ,"Dynamo Black, 4Gb Ram, 128Gb Storage",Dynamo Black,Android,11999,0,11999,3.3,31
Vivo,Vivo V29E 5G ,"Artistic Red,128",Artistic Red,Android,27650,0.14,31521,4.1,473
realme,Realme 13+ 5G ,"Dark Purple, 8Gb Ram, 256Gb Storage",Dark Purple,Android,23499,0.16,27259,4,5
realme,Realme 12 5G ,"Twilight Purple, 6Gbg Ram, 128Gb Storage",Twilight Purple,Android,16999,0.15,19549,4.1,305
Redmi, Redmi K50I 5G ,"Quick Silver, 6Gb Ram, 128Gb Storage",Quick Silver,MIUI,15999,0,15999,3.1,26
Redmi,Redmi Note 12 ,"Sunrise Gold, 6Gb Ram, 128Gb Storage",Sunrise Gold,MIUI,15999,0.24,19839,3.7,60
OnePlus, Oneplus 9 Pro 5G ,"Pine Green, 12Gb Ram, 256Gb Storage",Pine Green,Android,29999,0,29999,2.5,29
Vivo, Vivo Y200 5G Mobile ,"Jungle Green, 8Gb Ram, 256Gb Storage",Jungle Green,Funtouch OS,19980,0,19980,2.5,60
realme,Realme 11 Pro+ 5G ,"Sunrise Beige, 12Gb Ram, 256Gb Storage",Sunrise Beige,Android,23997,0,23997,4.1,610
OnePlus, Oneplus Nord 2 5G ,"Blue Haze, 8Gb Ram, 128Gb Storage",Blue Haze,Android,16999,0,16999,3,40
realme, Realme 11 Pro+ 5G ,"Oasis Green, 8Gb Ram, 256Gb Storage",Oasis Green,Android,24499,0,24499,4.7,3
realme, Realme C30S ,"Stripe Black, 4Gb Ram, 64Gb Storage",Stripe Black,Android,5799,0,5799,4.7,60
Motorola,Motorola G64 5G ,"Red Berry, 12Gb Ram, 256Gb Storage",Red Berry,Android,17449,0.13,19717,4.7,60
Samsung,Samsung F34 5G ,Storage 128Gb,Black,Snapdragon,14498,0.41,20442,3.7,47
Redmi, Redmi 9I ,"Sea Blue, 4Gb Ram, 128Gb Storage",Sea Blue,MIUI,7999,0,7999,3.7,33
realme,Realme 12 Pro+ 5G ,"Explorer Red, 12Gb Ram, 256Gb Storage",Explorer Red,Android,32999,0.13,37289,4.1,411
Motorola, Moto E40 ,"Carbon Gray, 64 Gb",Carbon Gray,Android,7499,0,7499,3.7,37
Samsung,Samsung Galaxy S21 Fe 5G ,"Olive, 8Gb, 128Gb Storage",Olive,Snapdragon,29788,0.57,46767,4,1512
realme, Realme Narzo 60 Pro ,"Mars Orange,8Gb+128Gb",Mars Orange,Android,17599,0,17599,3.4,12
Xiaomi," Xiaomi Mi A3 4Gb Ram, 64 Gb ",Not Just Blue,Not Just Blue,Android,6712,0,6712,2.5,10
realme,Realme Gt Neo 3 ,"Nitro Blue, 8Gb Ram, 256Gb Storage",Nitro Blue,Android,22499,0.46,32849,4.1,191
Redmi, Redmi Note 13 Pro+ 5G ,"Fusion White, 8Gb Ram, 256Gb Storage",Fusion White,MIUI,24900,0,24900,4.1,60
Motorola,Motorola Moto G32 ,4 Gb,Black,Android,11990,0.37,16426,4,300
Redmi, Redmi 9 ,"Carbon Black, 4Gb Ram, 64Gb Storage",Carbon Black,MIUI,7499,0,7499,3.4,40
Vivo, Vivo X80 ,"Cosmic Black,8Gb Ram, 128Gb Storage",Cosmic Black,Android,29399,0,29399,3.3,13
realme, Realme Narzo 60 5G ,"Mars Orange,8Gb+256Gb",Mars Orange,Android,14899,0,14899,3,3
Redmi, Redmi Note 12 Pro 5G ,"Onyx Black, 8Gb Ram, 128Gb Storage",Onyx Black,MIUI,15999,0,15999,3,60
Vivo,Vivo U10 ,"Thunder Black,3Gb Ram, 32Gb Storage",Thunder Black,Android,10990,0,10990,4.3,47559
Vivo,Vivo T2 Pro 5G ,"Dune Gold, 256 Gb",Dune Gold,Android,24999,0,24999,4.2,36
realme, Realme Narzo 50 ,"Speed Blue, 6Gb Ram, 128Gb Storage",Speed Blue,Android,8999,0,8999,4,18
realme,Realme C35,"Glowing Black, 4Gb, 128Gb",Glowing Black,Android,8990,0,8990,4,60
Samsung,Samsung Galaxy A55 5G ,"Awesome Iceblue, 12Gb Ram, 256Gb Storage",Awesome Iceblue,Snapdragon,40899,0.17,47852,4,265
OnePlus, Oneplus Oneplus Nord 2 5G ,"Gray Sierra, 8Gb Ram, 128Gb Storage",Gray Sierra,Android,18999,0,18999,2.4,53
Samsung, Samsung Galaxy F13 ,"Waterfall Blue, 4Gb Ram 64Gb Storage",Waterfall Blue,Snapdragon,7978,0,7978,3.5,34
Redmi, Redmi Note 10 Pro Max ,"Vintage Bronze, 6Gb Ram, 128Gb Storage",Vintage Bronze,MIUI,12999,0,12999,3.1,45
Redmi, Redmi Note 11T 5G ,Matte Black 6Gb Ram 128Gb Rom,Matte Black ,MIUI,12499,0,12499,3.5,69
Redmi, Redmi Note 11 ,"Horizon Blue, 6Gb Ram, 64Gb Storage",Horizon Blue,MIUI,9998,0,9998,3.9,19
Xiaomi, Xiaomi Redmi Note 7 ,"3Gb 32Gb , Sapphire Blue",Grey Shimmer,Android,6099,0,6099,3.9,58
Redmi,Redmi Note 12 Pro 5G ,"Stardust Purple, 12Gb Ram, 256Gb Storage",Stardust Purple,MIUI,25999,0.19,30939,4.2,209
OnePlus, Oneplus 11R 5G ,"Solar Red, 8Gb Ram, 128Gb Storage",Solar Red,OxygenOS,26999,0,26999,4.2,60
Redmi, Redmi Note 12 ,"Lunar Black, 6Gb Ram, 64Gb Storage",Lunar Black,MIUI,9490,0,9490,4,3
realme,Realme 10 Pro 5G ,"Nebula Blue, 128 Gb",Nebula Blue,Android,18990,0.1,20889,4.1,30
